-- MySQL Script generated by MySQL Workbench
-- 01/08/15 01:07:24
-- Model: New Model    Version: 1.0
-- MySQL Workbench Forward Engineering

SET @OLD_UNIQUE_CHECKS=@@UNIQUE_CHECKS, UNIQUE_CHECKS=0;
SET @OLD_FOREIGN_KEY_CHECKS=@@FOREIGN_KEY_CHECKS, FOREIGN_KEY_CHECKS=0;
SET @OLD_SQL_MODE=@@SQL_MODE, SQL_MODE='TRADITIONAL,ALLOW_INVALID_DATES';

-- -----------------------------------------------------
-- Schema db554509897
-- -----------------------------------------------------
DROP SCHEMA IF EXISTS `db554509897` ;

-- -----------------------------------------------------
-- Schema db554509897
-- -----------------------------------------------------
CREATE SCHEMA IF NOT EXISTS `db554509897` DEFAULT CHARACTER SET utf8 COLLATE utf8_general_ci ;
USE `db554509897` ;

-- -----------------------------------------------------
-- Table `db554509897`.`users_types`
-- -----------------------------------------------------
DROP TABLE IF EXISTS `db554509897`.`users_types` ;

CREATE TABLE IF NOT EXISTS `db554509897`.`users_types` (
  `id` INT NOT NULL AUTO_INCREMENT,
  `name` VARCHAR(50) NOT NULL,
  `description` TEXT NULL,
  PRIMARY KEY (`id`))
ENGINE = InnoDB;


-- -----------------------------------------------------
-- Table `db554509897`.`academic_administrative_units`
-- -----------------------------------------------------
DROP TABLE IF EXISTS `db554509897`.`academic_administrative_units` ;

CREATE TABLE IF NOT EXISTS `db554509897`.`academic_administrative_units` (
  `id` INT NOT NULL AUTO_INCREMENT,
  `name` VARCHAR(80) NOT NULL,
  `type` ENUM('unidades_academicas','unidades_administrativas', 'otro') NOT NULL,
  PRIMARY KEY (`id`))
ENGINE = InnoDB;


-- -----------------------------------------------------
-- Table `db554509897`.`departments`
-- -----------------------------------------------------
DROP TABLE IF EXISTS `db554509897`.`departments` ;

CREATE TABLE IF NOT EXISTS `db554509897`.`departments` (
  `id` INT NOT NULL AUTO_INCREMENT,
  `name` VARCHAR(100) NOT NULL,
  `description` TEXT NULL,
  PRIMARY KEY (`id`))
ENGINE = InnoDB;


-- -----------------------------------------------------
-- Table `db554509897`.`users`
-- -----------------------------------------------------
DROP TABLE IF EXISTS `db554509897`.`users` ;

CREATE TABLE IF NOT EXISTS `db554509897`.`users` (
  `id` INT NOT NULL AUTO_INCREMENT,
  `first_name` VARCHAR(50) NOT NULL,
  `last_name` VARCHAR(50) NOT NULL,
  `email` VARCHAR(50) NOT NULL,
  `phone` VARCHAR(10) NULL,
  `extension_phone` VARCHAR(5) NULL,
  `status` TINYINT(1) NOT NULL DEFAULT 2 COMMENT '0 Inactive\n1 Active\n2 Activation required',
  `remember_token` VARCHAR(100) NULL,
  `password` VARCHAR(60) NOT NULL,
  `created_at` DATETIME NULL,
  `updated_at` DATETIME NULL,
  `deleted_at` DATETIME NULL,
  `user_type_id` INT NOT NULL DEFAULT 1,
  `academic_administrative_unit_id` INT NULL,
  `department_id` INT NOT NULL,
  PRIMARY KEY (`id`),
  INDEX `fk_users_user_type1_idx` (`user_type_id` ASC),
  INDEX `fk_users_academic_administrative_unit1_idx` (`academic_administrative_unit_id` ASC),
  INDEX `fk_users_department1_idx` (`department_id` ASC),
  CONSTRAINT `fk_users_user_type1`
    FOREIGN KEY (`user_type_id`)
    REFERENCES `db554509897`.`users_types` (`id`)
    ON DELETE NO ACTION
    ON UPDATE NO ACTION,
  CONSTRAINT `fk_users_academic_administrative_unit1`
    FOREIGN KEY (`academic_administrative_unit_id`)
    REFERENCES `db554509897`.`academic_administrative_units` (`id`)
    ON DELETE NO ACTION
    ON UPDATE NO ACTION,
  CONSTRAINT `fk_users_department1`
    FOREIGN KEY (`department_id`)
    REFERENCES `db554509897`.`departments` (`id`)
    ON DELETE NO ACTION
    ON UPDATE NO ACTION)
ENGINE = InnoDB;


-- -----------------------------------------------------
-- Table `db554509897`.`events`
-- -----------------------------------------------------
DROP TABLE IF EXISTS `db554509897`.`events` ;

CREATE TABLE IF NOT EXISTS `db554509897`.`events` (
  `id` INT NOT NULL AUTO_INCREMENT,
  `id_dci` VARCHAR(6) NOT NULL,
  `name` VARCHAR(100) NOT NULL,
  `start_day` DATE NOT NULL,
  `end_day` DATE NOT NULL,
  `place` VARCHAR(50) NOT NULL,
  `time` TIME NOT NULL,
  `has_cost` TINYINT(1) NOT NULL,
  `directed_to` ENUM('Público en general', 'Comunidad BUAP', 'Profesores', 'Estudiantes') NOT NULL,
  `link` VARCHAR(100) NULL,
  `description` TEXT NULL,
  `dci_status` ENUM('Pendiente', 'En Proceso', 'Atendido', 'Completo') NOT NULL DEFAULT 'Pendiente',
  `created_at` DATETIME NULL,
  `updated_at` DATETIME NULL,
  `deleted_at` DATETIME NULL,
  `user_id` INT NOT NULL,
  PRIMARY KEY (`id`),
  INDEX `fk_events_users1_idx` (`user_id` ASC),
  CONSTRAINT `fk_events_users1`
    FOREIGN KEY (`user_id`)
    REFERENCES `db554509897`.`users` (`id`)
    ON DELETE NO ACTION
    ON UPDATE NO ACTION)
ENGINE = InnoDB;


-- -----------------------------------------------------
-- Table `db554509897`.`services`
-- -----------------------------------------------------
DROP TABLE IF EXISTS `db554509897`.`services` ;

CREATE TABLE IF NOT EXISTS `db554509897`.`services` (
  `id` INT NOT NULL AUTO_INCREMENT,
  `name` VARCHAR(100) NOT NULL,
  `description` TEXT NULL,
  `observations` TEXT NULL,
  `created_at` DATETIME NULL,
  `updated_at` DATETIME NULL,
  `deleted_at` DATETIME NULL,
  `department_id` INT NOT NULL,
  PRIMARY KEY (`id`),
  INDEX `fk_services_department1_idx` (`department_id` ASC),
  CONSTRAINT `fk_services_department1`
    FOREIGN KEY (`department_id`)
    REFERENCES `db554509897`.`departments` (`id`)
    ON DELETE NO ACTION
    ON UPDATE NO ACTION)
ENGINE = InnoDB;


-- -----------------------------------------------------
-- Table `db554509897`.`requests`
-- -----------------------------------------------------
DROP TABLE IF EXISTS `db554509897`.`requests` ;

CREATE TABLE IF NOT EXISTS `db554509897`.`requests` (
  `id` INT NOT NULL AUTO_INCREMENT,
  `request_number` INT NOT NULL,
  `post_number` INT NOT NULL,
  `date` DATE NOT NULL,
  `justification` TEXT NULL,
  `request` VARCHAR(100) NOT NULL,
  `academic_administrative_unit_id` INT NOT NULL,
  `event_id` INT NOT NULL,
  PRIMARY KEY (`id`),
  INDEX `fk_requests_academic_administrative_units1_idx` (`academic_administrative_unit_id` ASC),
  INDEX `fk_requests_events1_idx` (`event_id` ASC),
  CONSTRAINT `fk_requests_academic_administrative_units1`
    FOREIGN KEY (`academic_administrative_unit_id`)
    REFERENCES `db554509897`.`academic_administrative_units` (`id`)
    ON DELETE NO ACTION
    ON UPDATE NO ACTION,
  CONSTRAINT `fk_requests_events1`
    FOREIGN KEY (`event_id`)
    REFERENCES `db554509897`.`events` (`id`)
    ON DELETE NO ACTION
    ON UPDATE NO ACTION)
ENGINE = InnoDB;


-- -----------------------------------------------------
-- Table `db554509897`.`users_auth_operations`
-- -----------------------------------------------------
DROP TABLE IF EXISTS `db554509897`.`users_auth_operations` ;

CREATE TABLE IF NOT EXISTS `db554509897`.`users_auth_operations` (
  `id` INT NOT NULL AUTO_INCREMENT,
  `token` VARCHAR(40) NOT NULL,
  `expiration` DATETIME NOT NULL,
  `type` TINYINT(1) NOT NULL COMMENT '1 Activate user\n2 Change password',
  `used` TINYINT(1) NOT NULL COMMENT '0 Not used\n1 Used',
  `user_id` INT NOT NULL,
  PRIMARY KEY (`id`),
  INDEX `fk_users_auth_operations_users1_idx` (`user_id` ASC),
  CONSTRAINT `fk_users_auth_operations_users1`
    FOREIGN KEY (`user_id`)
    REFERENCES `db554509897`.`users` (`id`)
    ON DELETE NO ACTION
    ON UPDATE NO ACTION)
ENGINE = InnoDB;


-- -----------------------------------------------------
-- Table `db554509897`.`event_service`
-- -----------------------------------------------------
DROP TABLE IF EXISTS `db554509897`.`event_service` ;

CREATE TABLE IF NOT EXISTS `db554509897`.`event_service` (
  `event_id` INT NOT NULL,
  `service_id` INT NOT NULL,
  `start_service` DATE NOT NULL,
  `end_service` DATE NOT NULL,
  `dci_status` ENUM('Pendiente', 'En Proceso', 'Atendido', 'Aprobado') NOT NULL DEFAULT 'Pendiente',
  `created_at` DATETIME NULL,
  `in_process_at` DATETIME NULL,
  `attended_at` DATETIME NULL,
  `updated_at` DATETIME NULL,
  `deleted_at` DATETIME NULL,
  PRIMARY KEY (`event_id`, `service_id`),
  INDEX `fk_events_has_services_services1_idx` (`service_id` ASC),
  INDEX `fk_events_has_services_events1_idx` (`event_id` ASC),
  CONSTRAINT `fk_events_has_services_events1`
    FOREIGN KEY (`event_id`)
    REFERENCES `db554509897`.`events` (`id`)
    ON DELETE NO ACTION
    ON UPDATE NO ACTION,
  CONSTRAINT `fk_events_has_services_services1`
    FOREIGN KEY (`service_id`)
    REFERENCES `db554509897`.`services` (`id`)
    ON DELETE NO ACTION
    ON UPDATE NO ACTION)
ENGINE = InnoDB;


-- -----------------------------------------------------
-- Table `db554509897`.`witnesses`
-- -----------------------------------------------------
DROP TABLE IF EXISTS `db554509897`.`witnesses` ;

CREATE TABLE IF NOT EXISTS `db554509897`.`witnesses` (
  `id` INT NOT NULL AUTO_INCREMENT,
  `name` VARCHAR(50) NOT NULL,
  `description` VARCHAR(100) NULL,
  `created_at` DATETIME NULL,
  `updated_at` DATETIME NULL,
  `deleted_at` DATETIME NULL,
  PRIMARY KEY (`id`))
ENGINE = InnoDB;


-- -----------------------------------------------------
-- Table `db554509897`.`resources_sources`
-- -----------------------------------------------------
DROP TABLE IF EXISTS `db554509897`.`resources_sources` ;

CREATE TABLE IF NOT EXISTS `db554509897`.`resources_sources` (
  `id` INT NOT NULL AUTO_INCREMENT,
  `name` VARCHAR(50) NOT NULL,
  `description` TEXT NULL,
  `created_at` DATETIME NULL,
  `updated_at` DATETIME NULL,
  `deleted_at` DATETIME NULL,
  PRIMARY KEY (`id`))
ENGINE = InnoDB;


-- -----------------------------------------------------
-- Table `db554509897`.`event_witness`
-- -----------------------------------------------------
DROP TABLE IF EXISTS `db554509897`.`event_witness` ;

CREATE TABLE IF NOT EXISTS `db554509897`.`event_witness` (
  `event_id` INT NOT NULL,
  `witness_id` INT NOT NULL,
  `file` VARCHAR(100) NOT NULL DEFAULT 'NOT FILE',
  `dci_status` ENUM('No Aprobado', 'Pendiente', 'En Proceso', 'Aprobado') NOT NULL DEFAULT 'Pendiente',
  `created_at` DATETIME NULL,
  `updated_at` DATETIME NULL,
  `deleted_at` DATETIME NULL,
  PRIMARY KEY (`event_id`, `witness_id`),
  INDEX `fk_events_has_witnesses_witnesses1_idx` (`witness_id` ASC),
  INDEX `fk_events_has_witnesses_events1_idx` (`event_id` ASC),
  CONSTRAINT `fk_events_has_witnesses_events1`
    FOREIGN KEY (`event_id`)
    REFERENCES `db554509897`.`events` (`id`)
    ON DELETE NO ACTION
    ON UPDATE NO ACTION,
  CONSTRAINT `fk_events_has_witnesses_witnesses1`
    FOREIGN KEY (`witness_id`)
    REFERENCES `db554509897`.`witnesses` (`id`)
    ON DELETE NO ACTION
    ON UPDATE NO ACTION)
ENGINE = InnoDB;


-- -----------------------------------------------------
-- Table `db554509897`.`event_resource_source`
-- -----------------------------------------------------
DROP TABLE IF EXISTS `db554509897`.`event_resource_source` ;

CREATE TABLE IF NOT EXISTS `db554509897`.`event_resource_source` (
  `event_id` INT NOT NULL,
  `resource_source_id` INT NOT NULL,
  `created_at` DATETIME NULL,
  `updated_at` DATETIME NULL,
  `deleted_at` DATETIME NULL,
  PRIMARY KEY (`event_id`, `resource_source_id`),
  INDEX `fk_events_has_resource_source_resource_source1_idx` (`resource_source_id` ASC),
  INDEX `fk_events_has_resource_source_events1_idx` (`event_id` ASC),
  CONSTRAINT `fk_events_has_resource_source_events1`
    FOREIGN KEY (`event_id`)
    REFERENCES `db554509897`.`events` (`id`)
    ON DELETE NO ACTION
    ON UPDATE NO ACTION,
  CONSTRAINT `fk_events_has_resource_source_resource_source1`
    FOREIGN KEY (`resource_source_id`)
    REFERENCES `db554509897`.`resources_sources` (`id`)
    ON DELETE NO ACTION
    ON UPDATE NO ACTION)
ENGINE = InnoDB;


-- -----------------------------------------------------
-- Table `db554509897`.`support_materials`
-- -----------------------------------------------------
DROP TABLE IF EXISTS `db554509897`.`support_materials` ;

CREATE TABLE IF NOT EXISTS `db554509897`.`support_materials` (
  `id` INT NOT NULL AUTO_INCREMENT,
  `original_name` VARCHAR(100) NOT NULL,
  `file` VARCHAR(100) NOT NULL,
  `event_id` INT NOT NULL,
  `created_at` DATETIME NULL,
  `updated_at` DATETIME NULL,
  `deleted_at` DATETIME NULL,
  PRIMARY KEY (`id`),
  INDEX `fk_support_materials_events1_idx` (`event_id` ASC),
  CONSTRAINT `fk_support_materials_events1`
    FOREIGN KEY (`event_id`)
    REFERENCES `db554509897`.`events` (`id`)
    ON DELETE NO ACTION
    ON UPDATE NO ACTION)
ENGINE = InnoDB;


-- -----------------------------------------------------
-- Table `db554509897`.`tasks`
-- -----------------------------------------------------
DROP TABLE IF EXISTS `db554509897`.`tasks` ;

CREATE TABLE IF NOT EXISTS `db554509897`.`tasks` (
  `id` INT UNSIGNED NOT NULL AUTO_INCREMENT,
  `status` ENUM('Pendiente', 'Completa') NOT NULL COMMENT 'Pendiente: La tarea fue creada\nCompleta: El empleado marca la tarea que se le asignó como completa',
  `description` TEXT NULL,
  `comment` TEXT NULL,
  `created_at` DATETIME NULL,
  `completed_at` DATETIME NULL,
  `updated_at` DATETIME NULL,
  `deleted_at` DATETIME NULL,
  `user_id` INT NOT NULL,
  `event_service_event_id` INT NOT NULL,
  `event_service_service_id` INT NOT NULL,
  PRIMARY KEY (`id`),
  INDEX `fk_tasks_users1_idx` (`user_id` ASC),
  INDEX `fk_tasks_event_service1_idx` (`event_service_event_id` ASC, `event_service_service_id` ASC),
  CONSTRAINT `fk_tasks_users1`
    FOREIGN KEY (`user_id`)
    REFERENCES `db554509897`.`users` (`id`)
    ON DELETE NO ACTION
    ON UPDATE NO ACTION,
  CONSTRAINT `fk_tasks_event_service1`
    FOREIGN KEY (`event_service_event_id` , `event_service_service_id`)
    REFERENCES `db554509897`.`event_service` (`event_id` , `service_id`)
    ON DELETE NO ACTION
    ON UPDATE NO ACTION)
ENGINE = InnoDB;


SET SQL_MODE=@OLD_SQL_MODE;
SET FOREIGN_KEY_CHECKS=@OLD_FOREIGN_KEY_CHECKS;
SET UNIQUE_CHECKS=@OLD_UNIQUE_CHECKS;

-- -----------------------------------------------------
-- Data for table `db554509897`.`users_types`
-- -----------------------------------------------------
START TRANSACTION;
USE `db554509897`;
INSERT INTO `db554509897`.`users_types` (`id`, `name`, `description`) VALUES (1, 'Cliente', 'Usuarios del sistema que solicitan difusión.');
INSERT INTO `db554509897`.`users_types` (`id`, `name`, `description`) VALUES (2, 'Empleado DCI', 'Usuario del sistema que realizan tareas de diseño, radio, TV, etc.');
INSERT INTO `db554509897`.`users_types` (`id`, `name`, `description`) VALUES (3, 'Jefe DCI', 'Usuario del sistema administrativo que asigna tareas a los empleados.');
INSERT INTO `db554509897`.`users_types` (`id`, `name`, `description`) VALUES (4, 'Administrador', 'Superusuario del sistema.');

COMMIT;


-- -----------------------------------------------------
-- Data for table `db554509897`.`academic_administrative_units`
-- -----------------------------------------------------
START TRANSACTION;
USE `db554509897`;
INSERT INTO `db554509897`.`academic_administrative_units` (`id`, `name`, `type`) VALUES (1, 'Centro Universitario de Vinculación y T.', 'unidades_administrativas');
INSERT INTO `db554509897`.`academic_administrative_units` (`id`, `name`, `type`) VALUES (2, 'Complejo Cultural Universitario', 'unidades_administrativas');
INSERT INTO `db554509897`.`academic_administrative_units` (`id`, `name`, `type`) VALUES (3, 'Contraloría General', 'unidades_administrativas');
INSERT INTO `db554509897`.`academic_administrative_units` (`id`, `name`, `type`) VALUES (4, 'CUPREDER', 'unidades_administrativas');
INSERT INTO `db554509897`.`academic_administrative_units` (`id`, `name`, `type`) VALUES (5, 'Defensoría de los Derechos Universitarios', 'unidades_administrativas');
INSERT INTO `db554509897`.`academic_administrative_units` (`id`, `name`, `type`) VALUES (6, 'Departamento  de Adquisiciones, Proveeduría e Inventarios', 'unidades_administrativas');
INSERT INTO `db554509897`.`academic_administrative_units` (`id`, `name`, `type`) VALUES (7, 'Departamento de Control Vehicular', 'unidades_administrativas');
INSERT INTO `db554509897`.`academic_administrative_units` (`id`, `name`, `type`) VALUES (8, 'Dirección de Acompañamiento Universitario ', 'unidades_administrativas');
INSERT INTO `db554509897`.`academic_administrative_units` (`id`, `name`, `type`) VALUES (9, 'Dirección de Administración Escolar', 'unidades_administrativas');
INSERT INTO `db554509897`.`academic_administrative_units` (`id`, `name`, `type`) VALUES (10, 'Dirección de Apoyo y Seguridad Universitaria', 'unidades_administrativas');
INSERT INTO `db554509897`.`academic_administrative_units` (`id`, `name`, `type`) VALUES (11, 'Dirección de Comunicación Institucional', 'unidades_administrativas');
INSERT INTO `db554509897`.`academic_administrative_units` (`id`, `name`, `type`) VALUES (12, 'Dirección de Contabilidad General', 'unidades_administrativas');
INSERT INTO `db554509897`.`academic_administrative_units` (`id`, `name`, `type`) VALUES (13, 'Dirección de Cultura Física', 'unidades_administrativas');
INSERT INTO `db554509897`.`academic_administrative_units` (`id`, `name`, `type`) VALUES (14, 'Dirección de Fomento Editorial ', 'unidades_administrativas');
INSERT INTO `db554509897`.`academic_administrative_units` (`id`, `name`, `type`) VALUES (15, 'Dirección de Protección Universitaria', 'unidades_administrativas');
INSERT INTO `db554509897`.`academic_administrative_units` (`id`, `name`, `type`) VALUES (16, 'Dirección de Recursos Humanos', 'unidades_administrativas');
INSERT INTO `db554509897`.`academic_administrative_units` (`id`, `name`, `type`) VALUES (17, 'Dirección de Servicio Social', 'unidades_administrativas');
INSERT INTO `db554509897`.`academic_administrative_units` (`id`, `name`, `type`) VALUES (18, 'Dirección de Servicios Generales', 'unidades_administrativas');
INSERT INTO `db554509897`.`academic_administrative_units` (`id`, `name`, `type`) VALUES (19, 'Dirección de Sistema de Información Universitaria', 'unidades_administrativas');
INSERT INTO `db554509897`.`academic_administrative_units` (`id`, `name`, `type`) VALUES (20, 'Dirección del Círculo Infantil', 'unidades_administrativas');
INSERT INTO `db554509897`.`academic_administrative_units` (`id`, `name`, `type`) VALUES (21, 'Dirección General de Bibliotecas', 'unidades_administrativas');
INSERT INTO `db554509897`.`academic_administrative_units` (`id`, `name`, `type`) VALUES (22, 'Dirección General de Educación Media Superior', 'unidades_administrativas');
INSERT INTO `db554509897`.`academic_administrative_units` (`id`, `name`, `type`) VALUES (23, 'Dirección General de Educación Superior', 'unidades_administrativas');
INSERT INTO `db554509897`.`academic_administrative_units` (`id`, `name`, `type`) VALUES (24, 'Dirección General de Innovación Educativa', 'unidades_administrativas');
INSERT INTO `db554509897`.`academic_administrative_units` (`id`, `name`, `type`) VALUES (25, 'Dirección General de Obras', 'unidades_administrativas');
INSERT INTO `db554509897`.`academic_administrative_units` (`id`, `name`, `type`) VALUES (26, 'Dirección General de Planeación Institucional', 'unidades_administrativas');
INSERT INTO `db554509897`.`academic_administrative_units` (`id`, `name`, `type`) VALUES (27, 'Farmacias Universitarias \"Alexander Fleming\"', 'unidades_administrativas');
INSERT INTO `db554509897`.`academic_administrative_units` (`id`, `name`, `type`) VALUES (28, 'Hospital Universitario de Puebla', 'unidades_administrativas');
INSERT INTO `db554509897`.`academic_administrative_units` (`id`, `name`, `type`) VALUES (29, 'Museo Universitario \"Casa de los Muñecos\"', 'unidades_administrativas');
INSERT INTO `db554509897`.`academic_administrative_units` (`id`, `name`, `type`) VALUES (30, 'Museo Universitario de Memoria Histórica', 'unidades_administrativas');
INSERT INTO `db554509897`.`academic_administrative_units` (`id`, `name`, `type`) VALUES (31, 'Oficina de  la Abogada General', 'unidades_administrativas');
INSERT INTO `db554509897`.`academic_administrative_units` (`id`, `name`, `type`) VALUES (32, 'Rectoría', 'unidades_administrativas');
INSERT INTO `db554509897`.`academic_administrative_units` (`id`, `name`, `type`) VALUES (33, 'Secretaría Administrativa', 'unidades_administrativas');
INSERT INTO `db554509897`.`academic_administrative_units` (`id`, `name`, `type`) VALUES (34, 'Secretaría General', 'unidades_administrativas');
INSERT INTO `db554509897`.`academic_administrative_units` (`id`, `name`, `type`) VALUES (35, 'Secretaría Particular de Rectoría', 'unidades_administrativas');
INSERT INTO `db554509897`.`academic_administrative_units` (`id`, `name`, `type`) VALUES (36, 'Secretaría Técnica', 'unidades_administrativas');
INSERT INTO `db554509897`.`academic_administrative_units` (`id`, `name`, `type`) VALUES (37, 'Sorteo BUAP', 'unidades_administrativas');
INSERT INTO `db554509897`.`academic_administrative_units` (`id`, `name`, `type`) VALUES (38, 'Tesorería General', 'unidades_administrativas');
INSERT INTO `db554509897`.`academic_administrative_units` (`id`, `name`, `type`) VALUES (39, 'Vicerrectoría de Docencia', 'unidades_administrativas');
INSERT INTO `db554509897`.`academic_administrative_units` (`id`, `name`, `type`) VALUES (40, 'Vicerrectoría de Extensión y Difusión de la Cultura', 'unidades_administrativas');
INSERT INTO `db554509897`.`academic_administrative_units` (`id`, `name`, `type`) VALUES (41, 'Vicerrectoría de Investigación y Estudios de Posgrado', 'unidades_administrativas');
INSERT INTO `db554509897`.`academic_administrative_units` (`id`, `name`, `type`) VALUES (42, 'Bachillerato 5 de Mayo', 'unidades_academicas');
INSERT INTO `db554509897`.`academic_administrative_units` (`id`, `name`, `type`) VALUES (43, 'Preparatoria 2 de Octubre de 1968', 'unidades_academicas');
INSERT INTO `db554509897`.`academic_administrative_units` (`id`, `name`, `type`) VALUES (44, 'Preparatoria Alfonso Calderón Moreno', 'unidades_academicas');
INSERT INTO `db554509897`.`academic_administrative_units` (`id`, `name`, `type`) VALUES (45, 'Preparatoria Emiliano Zapata', 'unidades_academicas');
INSERT INTO `db554509897`.`academic_administrative_units` (`id`, `name`, `type`) VALUES (46, 'Preparatoria Gral. Lázaro Cárdenas del Río', 'unidades_academicas');
INSERT INTO `db554509897`.`academic_administrative_units` (`id`, `name`, `type`) VALUES (47, 'Preparatoria Benito Juárez García', 'unidades_academicas');
INSERT INTO `db554509897`.`academic_administrative_units` (`id`, `name`, `type`) VALUES (48, 'Preparatoria Regional Enrique Cabrera Barroso', 'unidades_academicas');
INSERT INTO `db554509897`.`academic_administrative_units` (`id`, `name`, `type`) VALUES (49, 'Preparatoria Regional Simón Bolívar', 'unidades_academicas');
INSERT INTO `db554509897`.`academic_administrative_units` (`id`, `name`, `type`) VALUES (50, 'Preparatoria Urbana Enrique Cabrera Barroso', 'unidades_academicas');
INSERT INTO `db554509897`.`academic_administrative_units` (`id`, `name`, `type`) VALUES (51, 'Escuela de Artes', 'unidades_academicas');
INSERT INTO `db554509897`.`academic_administrative_units` (`id`, `name`, `type`) VALUES (52, 'Escuela de Artes Plásticas y Audiovisuales', 'unidades_academicas');
INSERT INTO `db554509897`.`academic_administrative_units` (`id`, `name`, `type`) VALUES (53, 'Escuela de Biología', 'unidades_academicas');
INSERT INTO `db554509897`.`academic_administrative_units` (`id`, `name`, `type`) VALUES (54, 'Facultad de Medicina Veterinaria y Zootecnia', 'unidades_academicas');
INSERT INTO `db554509897`.`academic_administrative_units` (`id`, `name`, `type`) VALUES (55, 'Facultad de Administración', 'unidades_academicas');
INSERT INTO `db554509897`.`academic_administrative_units` (`id`, `name`, `type`) VALUES (56, 'Facultad de Arquitectura', 'unidades_academicas');
INSERT INTO `db554509897`.`academic_administrative_units` (`id`, `name`, `type`) VALUES (57, 'Facultad de Ciencias de la Computación', 'unidades_academicas');
INSERT INTO `db554509897`.`academic_administrative_units` (`id`, `name`, `type`) VALUES (58, 'Facultad de Ciencias de la Comunicación', 'unidades_academicas');
INSERT INTO `db554509897`.`academic_administrative_units` (`id`, `name`, `type`) VALUES (59, 'Facultad de Ciencias de la Electrónica', 'unidades_academicas');
INSERT INTO `db554509897`.`academic_administrative_units` (`id`, `name`, `type`) VALUES (60, 'Facultad de Ciencias Físico Matemáticas', 'unidades_academicas');
INSERT INTO `db554509897`.`academic_administrative_units` (`id`, `name`, `type`) VALUES (61, 'Facultad de Ciencias Químicas', 'unidades_academicas');
INSERT INTO `db554509897`.`academic_administrative_units` (`id`, `name`, `type`) VALUES (62, 'Facultad de Contaduría', 'unidades_academicas');
INSERT INTO `db554509897`.`academic_administrative_units` (`id`, `name`, `type`) VALUES (63, 'Facultad de Cultura Física', 'unidades_academicas');
INSERT INTO `db554509897`.`academic_administrative_units` (`id`, `name`, `type`) VALUES (64, 'Facultad de Derecho y Ciencias Sociales', 'unidades_academicas');
INSERT INTO `db554509897`.`academic_administrative_units` (`id`, `name`, `type`) VALUES (65, 'Facultad de Economía', 'unidades_academicas');
INSERT INTO `db554509897`.`academic_administrative_units` (`id`, `name`, `type`) VALUES (66, 'Facultad de Enfermería', 'unidades_academicas');
INSERT INTO `db554509897`.`academic_administrative_units` (`id`, `name`, `type`) VALUES (67, 'Facultad de Estomatología', 'unidades_academicas');
INSERT INTO `db554509897`.`academic_administrative_units` (`id`, `name`, `type`) VALUES (68, 'Facultad de Filosofía y Letras', 'unidades_academicas');
INSERT INTO `db554509897`.`academic_administrative_units` (`id`, `name`, `type`) VALUES (69, 'Facultad de Ingeniería', 'unidades_academicas');
INSERT INTO `db554509897`.`academic_administrative_units` (`id`, `name`, `type`) VALUES (70, 'Facultad de Ingeniería Agrohidráulica', 'unidades_academicas');
INSERT INTO `db554509897`.`academic_administrative_units` (`id`, `name`, `type`) VALUES (71, 'Facultad de Ingeniería Química', 'unidades_academicas');
INSERT INTO `db554509897`.`academic_administrative_units` (`id`, `name`, `type`) VALUES (72, 'Facultad de Lenguas', 'unidades_academicas');
INSERT INTO `db554509897`.`academic_administrative_units` (`id`, `name`, `type`) VALUES (73, 'Facultad de Medicina', 'unidades_academicas');
INSERT INTO `db554509897`.`academic_administrative_units` (`id`, `name`, `type`) VALUES (74, 'Facultad de Psicología', 'unidades_academicas');
INSERT INTO `db554509897`.`academic_administrative_units` (`id`, `name`, `type`) VALUES (75, 'Instituto de Ciencias', 'unidades_academicas');
INSERT INTO `db554509897`.`academic_administrative_units` (`id`, `name`, `type`) VALUES (76, 'Instituto de Ciencias de Gobierno y Desarrollo Estratégico', 'unidades_academicas');
INSERT INTO `db554509897`.`academic_administrative_units` (`id`, `name`, `type`) VALUES (77, 'Instituto de Ciencias Sociales y Humanidades', 'unidades_academicas');
INSERT INTO `db554509897`.`academic_administrative_units` (`id`, `name`, `type`) VALUES (78, 'Instituto de Física', 'unidades_academicas');
INSERT INTO `db554509897`.`academic_administrative_units` (`id`, `name`, `type`) VALUES (79, 'Instituto de Fisiología', 'unidades_academicas');
INSERT INTO `db554509897`.`academic_administrative_units` (`id`, `name`, `type`) VALUES (80, 'Unidades Regionales', 'unidades_academicas');

COMMIT;


-- -----------------------------------------------------
-- Data for table `db554509897`.`departments`
-- -----------------------------------------------------
START TRANSACTION;
USE `db554509897`;
INSERT INTO `db554509897`.`departments` (`id`, `name`, `description`) VALUES (1, 'Diseño Digital', NULL);
INSERT INTO `db554509897`.`departments` (`id`, `name`, `description`) VALUES (2, 'Diseño Gráfico', NULL);
INSERT INTO `db554509897`.`departments` (`id`, `name`, `description`) VALUES (3, 'Radio BUAP', NULL);
INSERT INTO `db554509897`.`departments` (`id`, `name`, `description`) VALUES (4, 'TV BUAP', NULL);

COMMIT;


-- -----------------------------------------------------
-- Data for table `db554509897`.`users`
-- -----------------------------------------------------
START TRANSACTION;
USE `db554509897`;

INSERT INTO `users` (`id`, `first_name`, `last_name`, `email`, `password`, `phone`, `extension_phone`, `status`, `remember_token`, `created_at`, `updated_at`, `deleted_at`, `user_type_id`, `academic_administrative_unit_id`, `department_id`) VALUES
(1, 'Javier ', 'Aguila', 'sjaca10@gmail.com', '$2a$10$hmOFJoVrG8XJCmLk34zIKe.pz4ndUNhfAlF.Jx5.P6R1L3jsyvRrG', '2226272898', NULL, 1, NULL, NULL, NULL, NULL, 1, 1, 1),
(2, 'Jesús', 'Cruz', 'jesuslink00@gmail.com', '$2y$10$GFcVq7u..KHQkTzgM9x2qOIUFxX5S9eP/J5f27dcWFZCbaZUhanPO', NULL, NULL, 1, NULL, NULL, NULL, NULL, 1, 1, 1),
(3, 'Amparo', 'Merino Reyes', 'amparomx@gmail.com', '$2y$10$TaOZ3yl33Vluq.3X5tW1oODQpeD1W8YY0EM8p7qfSv3O/Gq4JmvGO', '2224807645', '5266', 1, NULL, NULL, NULL, NULL, 1, 4, 1),
(5, 'Israel', 'Cruz', 'israel@aerostato.mx', '$2y$10$8NQhAVq.IyNyACrhbS0/5uUPuJOIWDgqBj26LAHr4m6KmNVgvsjX.', '2221602123', '', 2, NULL, NULL, NULL, NULL, 1, 2, 1),
(6, 'Chris', 'Guarneros', 'chrisgsdiaz@gmail.com', '$2y$10$f7LNPYcqofhutmHEtvNgu.VBxw0/MXZiUJb3p/u5sNmpyVgGuN0ky', '321654', '', 1, NULL, NULL, NULL, NULL, 1, 3, 1),
(7, 'Amparo', 'Merino Reyes', 'amparomerinoreyes@gmail.com', '$2y$10$0gKCj8wBHCJG1lIJCGzvyOM4d/53ie0FbMTCR1Ug0hIZfoSiEM37.', '2224807645', '2662', 1, NULL, NULL, NULL, NULL, 1, 11, 1),
(8, 'Carla', 'Ríos Calleja', 'difusion.icgde@correo.buap.mx', '$2y$10$/iOHOdpU2Ng2MSvIf6eBh.PdhKt7Ndu7w9gOJSKaLBJgw5rO6I80i', '2225774214', '3457', 1, NULL, NULL, NULL, NULL, 1, 76, 1),
(9, 'Ana ', 'Urías ', 'ana.urias@correo.buap.mx', '$2y$10$/War0ACGr/Xj1pnGTeN6Xu.5PKgf2nKvleNkui9pUJKq2FqhfqYXq', '2295500', '5266', 1, NULL, NULL, NULL, NULL, 1, 11, 1),
(10, 'Enrique', 'Barradas', 'barradas@fcfm.buap.mx', '$2y$10$1DUreIiK92X11woVYRs91OuuJhc/DbNDaFkl40tgylHlvJfSzYe2C', '2345044', '22955', 1, NULL, NULL, NULL, NULL, 1, 60, 1),
(11, 'Heriberto', 'Hernández Moreno', 'cherokhee@gmail.com', '$2y$10$qT7Kq77wMttw2uBnJ4p.jeBtuOXpe2N5YsH5do2rmrp9eQdiOOfdm', '', '22955', 1, NULL, NULL, NULL, NULL, 1, 17, 1),
(12, 'Alfredo ', 'Arceo', 'aarceo@ccinf.ucm.es', '$2y$10$06DEX1roqVK2IDDF5K2ENeVchMaUCHC71FFdK/jbaWZuPLh5ro0CS', '', '', 1, NULL, NULL, NULL, NULL, 1, 11, 1),
(13, 'Carlos', 'de Castilla Jiménez', 'carlos.decastilla@correo.buap.mx', '$2y$10$YCyxGBBgMPhuynZoybN/Qu0TfpDVW5BXdGyxyGg5dxcYb7NXbhlpa', '2224458190', '22955', 1, NULL, NULL, NULL, NULL, 1, 65, 1),
(14, 'Ana Lidia', 'Ramírez Herrera', 'analidia.ramirez@correo.buap.mx', '$2y$10$7hiuKgZmePiSqRQBtgBH8uYL2CukhdP1fBsEqvBpry9SS81FSU8M2', '', '5286', 1, NULL, NULL, NULL, NULL, 1, 11, 1),
(15, 'Isabel', 'Larenas', 'circulo.infantil@correo.buap.mx', '$2y$10$MNPHxm0A0f3jarMvy.5H2u90HjH9BMtzP0rue6StA5vBGa2NX4C6a', '2295500', '3604', 1, NULL, NULL, NULL, NULL, 1, 16, 1),
(16, 'Berenize', 'Conde Morales', 'berenize.conde@correo.buap.mx', '$2y$10$DSL24k82C9Zdt41SGRE2Fe.rnX1SPUJvcHUPoY.cUGb7wRDyHEOBu', '2221066071', '22955', 1, NULL, NULL, NULL, NULL, 1, 24, 1),
(17, 'Nohemi', 'Melgoza', 'nohemi.melgoza@correo.buap.mx', '$2y$10$A9OFo6cImEZGi7DWgTLQXO8s788I4vyUpkJjBRb1P1IdTnMiFzhCy', '2223247870', '22955', 1, NULL, NULL, NULL, NULL, 1, 61, 1),
(18, 'An', 'Aimee', 'ai.aimeee@gmail.com', '$2y$10$YQ5q2WN.gS2baQkM4.Drre5cTYZHP5zHsVnQngLb4S3eYZmFVdqbq', '8886817', '123', 1, NULL, NULL, NULL, NULL, 1, 2, 1),
(19, 'Victor ', 'Escobar Mejia', 'victorem1969@hotmail.com', '$2y$10$VoN6RNYzSVDmkZqIfJUW9ePQdCGtU7.VvMb.rOpAKRDeoFngP.n3O', '2225673476', '22955', 1, NULL, NULL, NULL, NULL, 1, 1, 1);

COMMIT;


-- -----------------------------------------------------
-- Data for table `db554509897`.`services`
-- -----------------------------------------------------
START TRANSACTION;
USE `db554509897`;

INSERT INTO `services` (`id`, `name`, `description`, `observations`, `created_at`, `updated_at`, `deleted_at`, `department_id`) VALUES
(1, 'Diseño gráfico', 'Diseño gráfico', NULL, NULL, NULL, NULL, 1),
(2, 'Asesoría en redacción', 'Asesoría en redacción', NULL, NULL, NULL, NULL, 1),
(3, 'Radio BUAP', 'Radio BUAP', NULL, NULL, NULL, NULL, 1),
(4, 'Prensa externa', 'Prensa externa', NULL, NULL, NULL, NULL, 1),
(5, 'Cobertura interna', 'Cobertura interna', NULL, NULL, NULL, NULL, 1),
(6, 'Producción de material impreso*', 'Producción de material impreso*', NULL, NULL, NULL, NULL, 1),
(7, 'Producción de material audiovisual*', 'Producción de material audiovisual*', NULL, NULL, NULL, NULL, 1),
(8, 'Sitio Web', 'Sitio Web', NULL, NULL, NULL, NULL, 1),
(9, 'Perifoneo*', 'Perifoneo*', NULL, NULL, NULL, NULL, 1),
(10, 'Redes sociales', 'Redes sociales', NULL, NULL, NULL, NULL, 1);

COMMIT;


-- -----------------------------------------------------
-- Data for table `db554509897`.`witnesses`
-- -----------------------------------------------------
START TRANSACTION;
USE `db554509897`;
INSERT INTO `db554509897`.`witnesses` (`id`, `name`, `description`, `created_at`, `updated_at`, `deleted_at`) VALUES (NULL, 'Ejemplar de impresión', NULL, NULL, NULL, NULL);
INSERT INTO `db554509897`.`witnesses` (`id`, `name`, `description`, `created_at`, `updated_at`, `deleted_at`) VALUES (NULL, 'Carátula de libros, revistas o folletos', NULL, NULL, NULL, NULL);
INSERT INTO `db554509897`.`witnesses` (`id`, `name`, `description`, `created_at`, `updated_at`, `deleted_at`) VALUES (NULL, 'Fotografías de rótulos colocados', NULL, NULL, NULL, NULL);
INSERT INTO `db554509897`.`witnesses` (`id`, `name`, `description`, `created_at`, `updated_at`, `deleted_at`) VALUES (NULL, 'Fotografías', NULL, NULL, NULL, NULL);

COMMIT;


-- -----------------------------------------------------
-- Data for table `db554509897`.`resources_sources`
-- -----------------------------------------------------
START TRANSACTION;
USE `db554509897`;
INSERT INTO `db554509897`.`resources_sources` (`id`, `name`, `description`, `created_at`, `updated_at`, `deleted_at`) VALUES (1, 'Tesoreria', NULL, NULL, NULL, NULL);
INSERT INTO `db554509897`.`resources_sources` (`id`, `name`, `description`, `created_at`, `updated_at`, `deleted_at`) VALUES (2, 'Fondo fijo', NULL, NULL, NULL, NULL);
INSERT INTO `db554509897`.`resources_sources` (`id`, `name`, `description`, `created_at`, `updated_at`, `deleted_at`) VALUES (3, 'Apoyos especiales', NULL, NULL, NULL, NULL);
INSERT INTO `db554509897`.`resources_sources` (`id`, `name`, `description`, `created_at`, `updated_at`, `deleted_at`) VALUES (4, 'Otros', NULL, NULL, NULL, NULL);

COMMIT;


-- -----------------------------------------------------
-- Data for table `db554509897`.`events`
-- -----------------------------------------------------
START TRANSACTION;
USE `db554509897`;

INSERT INTO `events` (`id`, `id_dci`, `name`, `start_day`, `end_day`, `place`, `time`, `has_cost`, `directed_to`, `link`, `description`, `dci_status`, `created_at`, `updated_at`, `deleted_at`, `user_id`) VALUES
(1, '141127', 'Encendido del árbol navideño 2015', '2014-12-03', '2014-12-03', 'CCU', '18:00:00', 0, 'Público en general', '', 'Habra rifas y sorpresas', 'Pendiente', '2014-11-27 04:39:44', '2014-11-28 01:51:25', NULL, 7),
(2, '141127', 'Seminario "Las Reformas Estructurales en México y la ampliación de los derechos humanos en México: u', '2014-12-08', '2014-12-08', 'ICGDE', '08:00:00', 0, 'Público en general', 'http://www.icgde.buap.mx/', '', 'Pendiente', '2014-11-27 18:05:54', '2014-11-27 18:05:54', NULL, 8),
(3, '141127', 'Lanzamiento de campaña el valor eres tú', '2014-12-01', '2015-02-27', 'DCI', '09:00:00', 0, 'Comunidad BUAP', '', 'Campaña interna de comunicación', 'Pendiente', '2014-11-27 18:16:17', '2014-11-28 01:18:01', NULL, 3),
(4, '141127', 'Primer Taller Internacional "Tendencias en la Enseñanza de las Matemáticas Basada en la Investigació', '2014-11-27', '2014-11-30', 'Edificio: 1DGIE1 Av. San Claudio  y 22 Sur, Ciudad', '17:00:00', 0, 'Comunidad BUAP', 'http://www.fcfm.buap.mx/TEMBI/index.php', '\r\n\r\nEs el Primer Taller Internacional "Tendencias en la enseñanza de las matemáticas basada en investigación (TEMBI)", el cual es el espacio académico ideal para conocer, discutir y reflexionar sobre las tendencias más actuales en la enseñanza de las matemáticas basada en la investigación. ', 'Pendiente', '2014-11-27 19:40:35', '2014-11-27 19:40:35', NULL, 10),
(5, '141128', 'Encendido del árbol navideño', '2014-12-02', '2014-12-02', 'Explanada del Auditorio CCU', '17:00:00', 0, 'Público en general', '', '', 'Pendiente', '2014-11-28 01:29:22', '2014-11-28 01:30:03', NULL, 3),
(6, '141128', 'Encendido del Árbol Navideño', '2014-12-02', '2014-12-02', 'Explanada Auditorio CCU', '17:00:00', 0, 'Público en general', '', '', 'Pendiente', '2014-11-28 01:31:26', '2014-11-28 01:36:51', NULL, 3),
(7, '141128', 'Encendido del Árbol Navideño', '2014-12-02', '2014-12-02', 'Explanada del CCU', '18:00:00', 0, 'Público en general', '', '', 'Pendiente', '2014-11-28 02:00:34', '2014-11-28 02:00:34', NULL, 3),
(8, '141202', 'Convocatoria al proceso de Selección para ingresar al Doctorado en Ciencias de Gobierno y Política', '2014-12-02', '2015-02-28', 'ICGDE', '17:00:00', 0, 'Público en general', 'http://www.icgde.buap.mx/', '', 'Pendiente', '2014-12-02 20:27:40', '2014-12-02 20:27:40', NULL, 8),
(9, '141202', 'Convocatoria para el Proceso de Selección para ingresar al Doctorado en Ciencias de Gobierno y Polít', '2014-12-02', '2015-02-28', 'ICGDE', '17:00:00', 0, 'Público en general', 'http://www.icgde.buap.mx/', '', 'Pendiente', '2014-12-02 20:33:47', '2014-12-02 20:49:07', NULL, 8),
(10, '141202', 'Ballet folklórico', '2014-12-07', '2014-12-07', 'Auditorio CCU', '12:00:00', 0, 'Público en general', '', '', 'Pendiente', '2014-12-02 20:42:13', '2014-12-02 20:53:55', NULL, 3),
(11, '141202', 'Ballet folklórico BUAP', '2014-12-07', '2014-12-07', 'Auditorio CCU', '12:00:00', 0, 'Público en general', '', '', 'Pendiente', '2014-12-02 20:43:17', '2014-12-02 20:43:17', NULL, 3),
(12, '141202', 'Rueda de presnsa', '2014-12-03', '2014-12-03', 'Casa del mendrugo', '09:30:00', 1, 'Público en general', '', '', 'Pendiente', '2014-12-02 21:07:43', '2014-12-02 21:08:07', NULL, 3),
(13, '141202', 'rueda de prensa', '2014-12-03', '2014-12-03', 'Casa del mendrugo', '21:00:00', 0, 'Público en general', '', '', 'Pendiente', '2014-12-02 21:11:32', '2014-12-02 21:11:42', NULL, 3),
(14, '141202', 'Austin Hewitt', '2016-01-01', '2016-01-02', 'Ut sint at est dicta reiciendis cum', '08:30:00', 0, 'Profesores/Investigadores', 'http://www.qevyxujyxehiho.me', 'Sunt, ipsum quisquam sed modi nostrum omnis dolor voluptatem non quasi et.', 'Pendiente', '2014-12-02 21:41:03', '2014-12-02 21:49:31', NULL, 1),
(15, '141202', 'Austin Hewitt', '2016-01-01', '2016-01-02', 'Ut sint at est dicta reiciendis cum', '08:30:00', 0, 'Profesores/Investigadores', 'http://www.qevyxujyxehiho.me', 'Sunt, ipsum quisquam sed modi nostrum omnis dolor voluptatem non quasi et.', 'Pendiente', '2014-12-02 21:43:13', '2014-12-02 21:49:33', NULL, 1),
(16, '141202', 'Austin Hewitt', '2016-01-01', '2016-01-02', 'Ut sint at est dicta reiciendis cum', '08:30:00', 0, 'Profesores/Investigadores', 'http://www.qevyxujyxehiho.me', 'Sunt, ipsum quisquam sed modi nostrum omnis dolor voluptatem non quasi et.', 'Pendiente', '2014-12-02 21:44:07', '2014-12-02 21:49:36', NULL, 1),
(17, '141202', 'Austin Hewitt', '2016-01-01', '2016-01-02', 'Ut sint at est dicta reiciendis cum', '08:30:00', 0, 'Profesores/Investigadores', 'http://www.qevyxujyxehiho.me', 'Sunt, ipsum quisquam sed modi nostrum omnis dolor voluptatem non quasi et.', 'Pendiente', '2014-12-02 21:46:15', '2014-12-02 21:49:40', NULL, 1),
(18, '141202', 'Austin Hewitt', '2016-01-01', '2016-01-02', 'Ut sint at est dicta reiciendis cum', '08:30:00', 0, 'Profesores/Investigadores', 'http://www.qevyxujyxehiho.me', 'Sunt, ipsum quisquam sed modi nostrum omnis dolor voluptatem non quasi et.', 'Pendiente', '2014-12-02 21:47:05', '2014-12-02 21:49:43', NULL, 1),
(19, '141202', 'Nigel Kinney', '2014-12-10', '2014-12-31', 'Eos minima neque quas non sed voluptatem aut labor', '15:56:00', 1, 'Estudiantes', 'http://www.pazygirofymalis.us', 'Praesentium anim nemo deserunt voluptas et sed autem molestiae velit alias in quam do sit, ut laborum dicta ad atque.', 'Pendiente', '2014-12-02 21:52:44', '2014-12-02 22:00:53', NULL, 2),
(20, '141204', 'Presentación de instrumentos ORF', '2014-12-05', '2014-12-05', 'Circulo Infantil /sección Lactantes y Maternales', '11:00:00', 1, 'Estudiantes', '', 'El evento es interno, una presentación solo para los alumnos y maestras de la sección de LyM solicitamos toma de fotografias y video.', 'Pendiente', '2014-12-04 13:52:28', '2014-12-04 13:54:35', NULL, 15),
(21, '141204', 'PIPOPETS /titeres', '2014-12-08', '2014-12-08', 'Patio techado preescolar', '09:00:00', 0, 'Estudiantes', '', 'El evento es interno, dirigido solo para los niños del CI, solicitamos toma de fotografías y clip de vídeo.', 'Pendiente', '2014-12-04 13:54:02', '2014-12-04 13:54:02', NULL, 15),
(22, '141204', 'Presentación de Instrumentos ORF', '2014-12-05', '2014-12-05', 'Patios (2 presentaciones)', '11:00:00', 0, 'Estudiantes', '', 'La presentación es interna, solo dirigida a niños y maestras del CI, solicitamos toma de fotografías y clip de video', 'Pendiente', '2014-12-04 13:56:21', '2014-12-04 13:56:21', NULL, 15),
(23, '141204', 'Festival Navideño', '2014-12-11', '2014-12-12', 'Auditorio de la Unidad de Seminarios', '09:00:00', 0, 'Estudiantes', '', 'Festival Navideño invita a dirigido a comunidad del CI, padres y familiares, dos presentaciones, día 11 preescolar, día 12 LyM, solicitamos toma de fotografías y video\r\n*el acceso es solo con invitación', 'Pendiente', '2014-12-04 13:59:52', '2014-12-04 13:59:52', NULL, 15),
(24, '141204', 'Cuento de Navidad de la compañia de danza contemporánea de la BUAP', '2014-12-15', '2014-12-15', 'Comedor CI', '11:00:00', 0, 'Estudiantes', '', 'Presentación interna para alumnos del CI, solicitamos toma de fotografías y  clip de video', 'Pendiente', '2014-12-04 14:02:22', '2014-12-04 14:02:22', NULL, 15),
(25, '141204', 'Cuento Navideño, teatro de sombras', '2014-12-16', '2014-12-16', 'Comedor CI', '11:30:00', 0, 'Estudiantes', '', 'Presentación interna para alumnos del CI, solicitamos toma de fotografías y clip de video', 'Pendiente', '2014-12-04 14:03:46', '2014-12-04 14:03:46', NULL, 15),
(26, '141204', 'Teatro chino', '2014-12-11', '2014-12-11', 'Patio techado preescolar', '11:00:00', 0, 'Estudiantes', '', 'Evento interno del CI, solicitamos toma de fotografías y clip de vídeo ', 'Pendiente', '2014-12-04 21:10:11', '2014-12-04 21:10:11', NULL, 15),
(27, '141204', 'Cursos Estacionales de Idiomas primavera 2015', '2015-01-05', '2015-01-16', 'Dirección General de Innovación Educativa', '17:00:00', 1, 'Público en general', 'http://www.dgie.buap.mx/index.php/cursos-estacionales', 'Los Cursos Estacionales están dirigidos a la Comunidad Universitaria y Público en General.\r\nDentro de los grupos, sesión por sesión se desarrollan las competencias y habilidades tan necesarias hoy día dentro de las distintas facetas de la vida (Académicas,  Laborales o Lúdicas) de manera dinámica e interactiva.\r\n\r\nEs a través  del  constante proceso formativo que nuestros usuarios logran exitosamente cumplir sus propósitos de manera segura, completa y acreditada  dentro de una dependencia universitaria con apertura y flexibilidad,  que además  cuenta con los contactos necesarios con instituciones nacionales e internacionales quienes avalan el nivel de los conocimientos y aptitudes de quienes se han formado con nosotros.', 'Pendiente', '2014-12-04 21:34:49', '2014-12-04 21:34:49', NULL, 16),
(28, '141205', 'AN-imenasai', '2014-12-13', '2014-12-14', 'CCU', '13:00:00', 0, 'Estudiantes', 'http://www.animenasai.com', 'Pues vengan no? RAWR', 'Pendiente', '2014-12-05 21:02:21', '2014-12-05 21:02:21', NULL, 18);

COMMIT;

-- -----------------------------------------------------
-- Data for table `db554509897`.`event_resource_source`
-- -----------------------------------------------------
START TRANSACTION;
USE `db554509897`;

INSERT INTO `event_resource_source` (`event_id`, `resource_source_id`, `created_at`, `updated_at`, `deleted_at`) VALUES
(28, 1, '2014-12-05 21:02:21', '2014-12-05 21:02:21', NULL),
(18, 2, '2014-12-02 21:47:05', '2014-12-02 21:49:43', NULL);

COMMIT;

-- -----------------------------------------------------
-- Data for table `db554509897`.`event_service`
-- -----------------------------------------------------
START TRANSACTION;
USE `db554509897`;

INSERT INTO `event_service` (`event_id`, `service_id`, `start_service`, `end_service`, `dci_status`, `created_at`, `in_process_at`, `attended_at`, `updated_at`, `deleted_at`) VALUES
(2, 1, '2014-12-08', '2014-12-08', 'Pendiente', '2014-11-27 18:05:54', NULL, NULL, '2014-11-27 18:05:54', NULL),
(2, 3, '2014-12-08', '2014-12-08', 'Pendiente', '2014-11-27 18:05:54', NULL, NULL, '2014-11-27 18:05:54', NULL),
(2, 4, '2014-12-08', '2014-12-08', 'Pendiente', '2014-11-27 18:05:54', NULL, NULL, '2014-11-27 18:05:54', NULL),
(2, 5, '2014-12-08', '2014-12-08', 'Pendiente', '2014-11-27 18:05:54', NULL, NULL, '2014-11-27 18:05:54', NULL),
(8, 1, '2014-12-02', '2015-02-28', 'Pendiente', '2014-12-02 20:27:40', NULL, NULL, '2014-12-02 20:27:40', NULL),
(8, 3, '2014-12-02', '2015-02-28', 'Pendiente', '2014-12-02 20:27:40', NULL, NULL, '2014-12-02 20:27:40', NULL),
(8, 4, '2014-12-02', '2015-02-28', 'Pendiente', '2014-12-02 20:27:40', NULL, NULL, '2014-12-02 20:27:40', NULL),
(8, 5, '2014-12-02', '2015-02-28', 'Pendiente', '2014-12-02 20:27:40', NULL, NULL, '2014-12-02 20:27:40', NULL),
(9, 1, '2014-12-02', '2015-02-28', 'Pendiente', '2014-12-02 20:33:47', NULL, NULL, '2014-12-02 20:49:07', NULL),
(9, 3, '2014-12-02', '2015-02-28', 'Pendiente', '2014-12-02 20:33:47', NULL, NULL, '2014-12-02 20:49:07', NULL),
(9, 4, '2014-12-02', '2015-02-28', 'Pendiente', '2014-12-02 20:33:47', NULL, NULL, '2014-12-02 20:49:07', NULL),
(9, 5, '2014-12-02', '2015-02-28', 'Pendiente', '2014-12-02 20:33:47', NULL, NULL, '2014-12-02 20:49:07', NULL),
(10, 1, '2014-12-07', '2014-12-07', 'Pendiente', '2014-12-02 20:42:13', NULL, NULL, '2014-12-02 20:53:55', NULL),
(11, 1, '2014-12-07', '2014-12-07', 'Pendiente', '2014-12-02 20:43:17', NULL, NULL, '2014-12-02 20:43:17', NULL),
(13, 1, '2014-12-03', '2014-12-03', 'Pendiente', '2014-12-02 21:11:32', NULL, NULL, '2014-12-02 21:11:42', NULL),
(14, 1, '2016-01-01', '2016-01-02', 'Pendiente', '2014-12-02 21:41:03', NULL, NULL, '2014-12-02 21:49:31', NULL),
(14, 2, '2016-01-01', '2016-01-02', 'Pendiente', '2014-12-02 21:41:03', NULL, NULL, '2014-12-02 21:49:31', NULL),
(14, 3, '2016-01-01', '2016-01-02', 'Pendiente', '2014-12-02 21:41:03', NULL, NULL, '2014-12-02 21:49:31', NULL),
(14, 4, '2016-01-01', '2016-01-02', 'Pendiente', '2014-12-02 21:41:03', NULL, NULL, '2014-12-02 21:49:31', NULL),
(14, 5, '2016-01-01', '2016-01-02', 'Pendiente', '2014-12-02 21:41:03', NULL, NULL, '2014-12-02 21:49:31', NULL),
(15, 1, '2016-01-01', '2016-01-02', 'Pendiente', '2014-12-02 21:43:13', NULL, NULL, '2014-12-02 21:49:33', NULL),
(15, 2, '2016-01-01', '2016-01-02', 'Pendiente', '2014-12-02 21:43:13', NULL, NULL, '2014-12-02 21:49:33', NULL),
(15, 3, '2016-01-01', '2016-01-02', 'Pendiente', '2014-12-02 21:43:13', NULL, NULL, '2014-12-02 21:49:33', NULL),
(15, 4, '2016-01-01', '2016-01-02', 'Pendiente', '2014-12-02 21:43:13', NULL, NULL, '2014-12-02 21:49:33', NULL),
(15, 5, '2016-01-01', '2016-01-02', 'Pendiente', '2014-12-02 21:43:13', NULL, NULL, '2014-12-02 21:49:33', NULL),
(16, 1, '2016-01-01', '2016-01-02', 'Pendiente', '2014-12-02 21:44:07', NULL, NULL, '2014-12-02 21:49:36', NULL),
(16, 2, '2016-01-01', '2016-01-02', 'Pendiente', '2014-12-02 21:44:07', NULL, NULL, '2014-12-02 21:49:36', NULL),
(16, 3, '2016-01-01', '2016-01-02', 'Pendiente', '2014-12-02 21:44:07', NULL, NULL, '2014-12-02 21:49:36', NULL),
(16, 4, '2016-01-01', '2016-01-02', 'Pendiente', '2014-12-02 21:44:07', NULL, NULL, '2014-12-02 21:49:36', NULL),
(16, 5, '2016-01-01', '2016-01-02', 'Pendiente', '2014-12-02 21:44:07', NULL, NULL, '2014-12-02 21:49:36', NULL),
(17, 1, '2016-01-01', '2016-01-02', 'Pendiente', '2014-12-02 21:46:15', NULL, NULL, '2014-12-02 21:49:40', NULL),
(17, 2, '2016-01-01', '2016-01-02', 'Pendiente', '2014-12-02 21:46:15', NULL, NULL, '2014-12-02 21:49:40', NULL),
(17, 3, '2016-01-01', '2016-01-02', 'Pendiente', '2014-12-02 21:46:15', NULL, NULL, '2014-12-02 21:49:40', NULL),
(17, 4, '2016-01-01', '2016-01-02', 'Pendiente', '2014-12-02 21:46:15', NULL, NULL, '2014-12-02 21:49:40', NULL),
(17, 5, '2016-01-01', '2016-01-02', 'Pendiente', '2014-12-02 21:46:15', NULL, NULL, '2014-12-02 21:49:40', NULL),
(18, 1, '2016-01-01', '2016-01-02', 'Pendiente', '2014-12-02 21:47:05', NULL, NULL, '2014-12-02 21:49:43', NULL),
(18, 2, '2016-01-01', '2016-01-02', 'Pendiente', '2014-12-02 21:47:05', NULL, NULL, '2014-12-02 21:49:43', NULL),
(18, 3, '2016-01-01', '2016-01-02', 'Pendiente', '2014-12-02 21:47:05', NULL, NULL, '2014-12-02 21:49:43', NULL),
(18, 4, '2016-01-01', '2016-01-02', 'Pendiente', '2014-12-02 21:47:05', NULL, NULL, '2014-12-02 21:49:43', NULL),
(18, 5, '2016-01-01', '2016-01-02', 'Pendiente', '2014-12-02 21:47:05', NULL, NULL, '2014-12-02 21:49:43', NULL),
(19, 1, '2014-12-10', '2014-12-31', 'Pendiente', '2014-12-02 21:52:44', NULL, NULL, '2014-12-02 22:00:53', NULL),
(19, 2, '2014-12-10', '2014-12-31', 'Pendiente', '2014-12-02 21:52:44', NULL, NULL, '2014-12-02 22:00:53', NULL),
(19, 3, '2014-12-10', '2014-12-31', 'Pendiente', '2014-12-02 21:52:44', NULL, NULL, '2014-12-02 22:00:53', NULL),
(19, 5, '2014-12-10', '2014-12-31', 'Pendiente', '2014-12-02 21:52:44', NULL, NULL, '2014-12-02 22:00:53', NULL),
(27, 1, '2015-01-05', '2015-01-16', 'Pendiente', '2014-12-04 21:34:49', NULL, NULL, '2014-12-04 21:34:49', NULL),
(27, 3, '2015-01-05', '2015-01-16', 'Pendiente', '2014-12-04 21:34:49', NULL, NULL, '2014-12-04 21:34:49', NULL),
(27, 4, '2015-01-05', '2015-01-16', 'Pendiente', '2014-12-04 21:34:49', NULL, NULL, '2014-12-04 21:34:49', NULL),
(27, 5, '2015-01-05', '2015-01-16', 'Pendiente', '2014-12-04 21:34:49', NULL, NULL, '2014-12-04 21:34:49', NULL),
(28, 1, '2014-12-13', '2014-12-14', 'Pendiente', '2014-12-05 21:02:21', NULL, NULL, '2014-12-05 21:02:21', NULL),
(28, 2, '2014-12-13', '2014-12-14', 'Pendiente', '2014-12-05 21:02:21', NULL, NULL, '2014-12-05 21:02:21', NULL),
(28, 5, '2014-12-13', '2014-12-14', 'Pendiente', '2014-12-05 21:02:21', NULL, NULL, '2014-12-05 21:02:21', NULL);

COMMIT;


-- -----------------------------------------------------
-- Data for table `db554509897`.`event_witness`
-- -----------------------------------------------------
START TRANSACTION;
USE `db554509897`;

INSERT INTO `event_witness` (`event_id`, `witness_id`, `file`, `dci_status`, `created_at`, `updated_at`, `deleted_at`) VALUES
(18, 1, 'NOT FILE', 'Pendiente', '2014-12-02 21:47:05', '2014-12-02 21:49:43', NULL),
(18, 4, 'NOT FILE', 'Pendiente', '2014-12-02 21:47:05', '2014-12-02 21:49:43', NULL),
(19, 3, 'NOT FILE', 'Pendiente', '2014-12-02 21:52:44', '2014-12-02 22:00:53', NULL),
(27, 1, 'NOT FILE', 'Pendiente', '2014-12-04 21:34:49', '2014-12-04 21:34:49', NULL),
(27, 4, 'NOT FILE', 'Pendiente', '2014-12-04 21:34:49', '2014-12-04 21:34:49', NULL),
(28, 4, 'NOT FILE', 'Pendiente', '2014-12-05 21:02:21', '2014-12-05 21:02:21', NULL);

COMMIT;

-- -----------------------------------------------------
-- Data for table `db554509897`.`support_materials`
-- -----------------------------------------------------
START TRANSACTION;
USE `db554509897`;

INSERT INTO `support_materials` (`id`, `file`, `event_id`, `created_at`, `updated_at`, `deleted_at`) VALUES
(1, 'support_materials/T02qysx5Y2fWGjNmIDfU.eps', 2, '2014-11-27 18:05:54', '2014-11-27 18:05:54', NULL),
(2, 'support_materials/AJGvCi6JyyEd54HEE17J.jpg', 8, '2014-12-02 20:27:40', '2014-12-02 20:27:40', NULL),
(3, 'support_materials/EmhYVLUikTuNNOA2M1nh.jpg', 9, '2014-12-02 20:33:47', '2014-12-02 20:49:07', NULL),
(4, 'support_materials/grlt2UF3FFAI7Q09GfKG.jpg', 10, '2014-12-02 20:42:13', '2014-12-02 20:53:55', NULL),
(5, 'support_materials/UWZ6Q6jq6HkNArJk6YMf.jpg', 11, '2014-12-02 20:43:17', '2014-12-02 20:43:17', NULL),
(6, 'support_materials/IQeHpRGgAfoFPkLTzpTT.png', 28, '2014-12-05 21:02:21', '2014-12-05 21:02:21', NULL);

COMMIT;

-- -----------------------------------------------------
-- Data for table `db554509897`.`support_materials`
-- -----------------------------------------------------
START TRANSACTION;
USE `db554509897`;

INSERT INTO `users_auth_operations` (`id`, `token`, `expiration`, `type`, `used`, `user_id`) VALUES
(2, 'dY0jCVOkTtYiEERXLoIe2P1mh3Wle6vED3AMKgN9', '2014-11-28 02:01:39', 1, 0, 5),
(3, '7V8Z6MdoJzPoxYQxC1vabufbOiOeNxv3bOfJqsq2', '2014-11-28 02:04:13', 1, 1, 6),
(4, 'jEaKqmWVJ2R6Q9zkOvToT1yYMndp5JWhYuHzki7G', '2014-11-28 04:31:47', 1, 1, 7),
(5, 'jMjicoDLZawn1GYZ0w4TXQsjyTkjKgZKDaViqH0X', '2014-11-28 21:05:26', 1, 1, 11),
(6, 'uD2F1Mtwu7eqAXFHaU4B8AoDJSnEuifJrWRKtmHa', '2014-11-28 21:53:30', 1, 0, 12),
(7, 'RetVBH8J9mzfb38IDy43hyL34m1QpNqomopqlTR9', '2014-12-06 20:52:29', 1, 1, 18),
(8, 'fp6yikHROUviQ1WLaDWbmqRRDcAgkkwrhbzOL96W', '2014-12-06 21:13:02', 1, 1, 19);

COMMIT;