-- MySQL Script generated by MySQL Workbench
-- 02/11/15 17:41:02
-- Model: New Model    Version: 1.0
-- MySQL Workbench Forward Engineering

SET @OLD_UNIQUE_CHECKS=@@UNIQUE_CHECKS, UNIQUE_CHECKS=0;
SET @OLD_FOREIGN_KEY_CHECKS=@@FOREIGN_KEY_CHECKS, FOREIGN_KEY_CHECKS=0;
SET @OLD_SQL_MODE=@@SQL_MODE, SQL_MODE='TRADITIONAL,ALLOW_INVALID_DATES';

-- -----------------------------------------------------
-- Schema db554509897
-- -----------------------------------------------------
DROP SCHEMA IF EXISTS `db554509897` ;

-- -----------------------------------------------------
-- Schema db554509897
-- -----------------------------------------------------
CREATE SCHEMA IF NOT EXISTS `db554509897` DEFAULT CHARACTER SET utf8 ;
USE `db554509897` ;

-- -----------------------------------------------------
-- Table `db554509897`.`users_types`
-- -----------------------------------------------------
DROP TABLE IF EXISTS `db554509897`.`users_types` ;

CREATE TABLE IF NOT EXISTS `db554509897`.`users_types` (
  `id` BIGINT UNSIGNED NOT NULL AUTO_INCREMENT,
  `name` VARCHAR(50) NOT NULL,
  `description` TEXT NULL DEFAULT NULL,
  `created_at` DATETIME NOT NULL,
  `updated_at` DATETIME NOT NULL,
  `deleted_at` DATETIME NULL DEFAULT NULL,
  PRIMARY KEY (`id`))
ENGINE = InnoDB;


-- -----------------------------------------------------
-- Table `db554509897`.`academic_administrative_units`
-- -----------------------------------------------------
DROP TABLE IF EXISTS `db554509897`.`academic_administrative_units` ;

CREATE TABLE IF NOT EXISTS `db554509897`.`academic_administrative_units` (
  `id` BIGINT UNSIGNED NOT NULL AUTO_INCREMENT,
  `name` VARCHAR(80) NOT NULL,
  `type` ENUM('unidades_academicas','unidades_administrativas', 'otro') NOT NULL,
  `created_at` DATETIME NOT NULL,
  `updated_at` DATETIME NOT NULL,
  `deleted_at` DATETIME NULL DEFAULT NULL,
  PRIMARY KEY (`id`))
ENGINE = InnoDB;


-- -----------------------------------------------------
-- Table `db554509897`.`departments`
-- -----------------------------------------------------
DROP TABLE IF EXISTS `db554509897`.`departments` ;

CREATE TABLE IF NOT EXISTS `db554509897`.`departments` (
  `id` BIGINT UNSIGNED NOT NULL AUTO_INCREMENT,
  `name` VARCHAR(100) NOT NULL,
  `description` TEXT NULL DEFAULT NULL,
  `created_at` DATETIME NOT NULL,
  `updated_at` DATETIME NOT NULL,
  `deleted_at` DATETIME NULL DEFAULT NULL,
  PRIMARY KEY (`id`))
ENGINE = InnoDB;


-- -----------------------------------------------------
-- Table `db554509897`.`users`
-- -----------------------------------------------------
DROP TABLE IF EXISTS `db554509897`.`users` ;

CREATE TABLE IF NOT EXISTS `db554509897`.`users` (
  `id` BIGINT UNSIGNED NOT NULL AUTO_INCREMENT,
  `first_name` VARCHAR(50) NOT NULL,
  `last_name` VARCHAR(50) NOT NULL,
  `email` VARCHAR(50) NOT NULL,
  `phone` VARCHAR(10) NULL DEFAULT NULL,
  `extension_phone` VARCHAR(5) NULL DEFAULT NULL,
  `status` TINYINT(1) NOT NULL DEFAULT 2 COMMENT '0 Inactive\n1 Active\n2 Activation required\n3 Authorization required',
  `remember_token` VARCHAR(100) NULL DEFAULT NULL,
  `password` VARCHAR(60) NOT NULL,
  `created_at` DATETIME NOT NULL,
  `updated_at` DATETIME NOT NULL,
  `deleted_at` DATETIME NULL DEFAULT NULL,
  `user_type_id` BIGINT UNSIGNED NOT NULL DEFAULT 1,
  `department_id` BIGINT UNSIGNED NULL DEFAULT 1,
  `academic_administrative_unit_id` BIGINT UNSIGNED NULL DEFAULT NULL,
  PRIMARY KEY (`id`),
  INDEX `fk_users_user_type1_idx` (`user_type_id` ASC),
  INDEX `fk_users_academic_administrative_unit1_idx` (`academic_administrative_unit_id` ASC),
  INDEX `fk_users_department1_idx` (`department_id` ASC),
  UNIQUE INDEX `email_UNIQUE` (`email` ASC),
  CONSTRAINT `fk_users_user_type1`
    FOREIGN KEY (`user_type_id`)
    REFERENCES `db554509897`.`users_types` (`id`)
    ON DELETE NO ACTION
    ON UPDATE NO ACTION,
  CONSTRAINT `fk_users_academic_administrative_unit1`
    FOREIGN KEY (`academic_administrative_unit_id`)
    REFERENCES `db554509897`.`academic_administrative_units` (`id`)
    ON DELETE NO ACTION
    ON UPDATE NO ACTION,
  CONSTRAINT `fk_users_department1`
    FOREIGN KEY (`department_id`)
    REFERENCES `db554509897`.`departments` (`id`)
    ON DELETE NO ACTION
    ON UPDATE NO ACTION)
ENGINE = InnoDB;


-- -----------------------------------------------------
-- Table `db554509897`.`events`
-- -----------------------------------------------------
DROP TABLE IF EXISTS `db554509897`.`events` ;

CREATE TABLE IF NOT EXISTS `db554509897`.`events` (
  `id` BIGINT UNSIGNED NOT NULL AUTO_INCREMENT,
  `id_dci` VARCHAR(6) NOT NULL,
  `name` VARCHAR(100) NOT NULL,
  `start_day` DATE NOT NULL,
  `end_day` DATE NOT NULL,
  `place` VARCHAR(50) NOT NULL,
  `time` TIME NOT NULL,
  `has_cost` TINYINT(1) NOT NULL,
  `directed_to` ENUM('Público en general', 'Comunidad BUAP', 'Profesores', 'Estudiantes') NOT NULL,
  `link` VARCHAR(100) NULL DEFAULT NULL,
  `description` TEXT NULL DEFAULT NULL,
  `dci_status` ENUM('Pendiente', 'En Proceso', 'Atendido') NOT NULL DEFAULT 'Pendiente' COMMENT 'Pendiente: Nadie ha visto el evento\nEn Proceso: Por lo menos un jefe de algún servicio solicitado ha asignado tareas a sus empleados sobre este evento.\nAtendido: Todos los jefes de las respectivas áreas han marcado su respectivo servicio como atendido. (Todos los empleados de los diferentes departamentos han completado todas sus tareas.',
  `created_at` DATETIME NOT NULL,
  `updated_at` DATETIME NOT NULL,
  `deleted_at` DATETIME NULL DEFAULT NULL,
  `user_id` BIGINT UNSIGNED NOT NULL,
  PRIMARY KEY (`id`),
  INDEX `fk_events_users1_idx` (`user_id` ASC),
  CONSTRAINT `fk_events_users1`
    FOREIGN KEY (`user_id`)
    REFERENCES `db554509897`.`users` (`id`)
    ON DELETE NO ACTION
    ON UPDATE NO ACTION)
ENGINE = InnoDB;


-- -----------------------------------------------------
-- Table `db554509897`.`services`
-- -----------------------------------------------------
DROP TABLE IF EXISTS `db554509897`.`services` ;

CREATE TABLE IF NOT EXISTS `db554509897`.`services` (
  `id` BIGINT UNSIGNED NOT NULL AUTO_INCREMENT,
  `name` VARCHAR(100) NOT NULL,
  `description` TEXT NULL DEFAULT NULL,
  `observations` TEXT NULL DEFAULT NULL,
  `created_at` DATETIME NOT NULL,
  `updated_at` DATETIME NOT NULL,
  `deleted_at` DATETIME NULL DEFAULT NULL,
  `department_id` BIGINT UNSIGNED NOT NULL,
  PRIMARY KEY (`id`),
  INDEX `fk_services_department1_idx` (`department_id` ASC),
  CONSTRAINT `fk_services_department1`
    FOREIGN KEY (`department_id`)
    REFERENCES `db554509897`.`departments` (`id`)
    ON DELETE NO ACTION
    ON UPDATE NO ACTION)
ENGINE = InnoDB;


-- -----------------------------------------------------
-- Table `db554509897`.`requests`
-- -----------------------------------------------------
DROP TABLE IF EXISTS `db554509897`.`requests` ;

CREATE TABLE IF NOT EXISTS `db554509897`.`requests` (
  `id` BIGINT UNSIGNED NOT NULL AUTO_INCREMENT,
  `request_number` INT NOT NULL,
  `post_number` INT NOT NULL,
  `date` DATE NOT NULL,
  `justification` TEXT NULL DEFAULT NULL,
  `request` VARCHAR(100) NOT NULL,
  `created_at` DATETIME NOT NULL,
  `updated_at` DATETIME NOT NULL,
  `deleted_at` DATETIME NULL DEFAULT NULL,
  `academic_administrative_unit_id` BIGINT UNSIGNED NOT NULL,
  `event_id` BIGINT UNSIGNED NOT NULL,
  PRIMARY KEY (`id`),
  INDEX `fk_requests_academic_administrative_units1_idx` (`academic_administrative_unit_id` ASC),
  INDEX `fk_requests_events1_idx` (`event_id` ASC),
  CONSTRAINT `fk_requests_academic_administrative_units1`
    FOREIGN KEY (`academic_administrative_unit_id`)
    REFERENCES `db554509897`.`academic_administrative_units` (`id`)
    ON DELETE NO ACTION
    ON UPDATE NO ACTION,
  CONSTRAINT `fk_requests_events1`
    FOREIGN KEY (`event_id`)
    REFERENCES `db554509897`.`events` (`id`)
    ON DELETE NO ACTION
    ON UPDATE NO ACTION)
ENGINE = InnoDB;


-- -----------------------------------------------------
-- Table `db554509897`.`users_auth_operations`
-- -----------------------------------------------------
DROP TABLE IF EXISTS `db554509897`.`users_auth_operations` ;

CREATE TABLE IF NOT EXISTS `db554509897`.`users_auth_operations` (
  `id` BIGINT UNSIGNED NOT NULL AUTO_INCREMENT,
  `token` VARCHAR(40) NOT NULL,
  `used` TINYINT(1) NOT NULL DEFAULT 0,
  `expiration` DATETIME NOT NULL,
  `type` TINYINT(1) NOT NULL COMMENT '1 Activate user\n2 Change password',
  `created_at` DATETIME NOT NULL,
  `updated_at` DATETIME NOT NULL,
  `deleted_at` DATETIME NULL DEFAULT NULL,
  `user_id` BIGINT UNSIGNED NOT NULL,
  PRIMARY KEY (`id`),
  INDEX `fk_users_auth_operations_users1_idx` (`user_id` ASC),
  CONSTRAINT `fk_users_auth_operations_users1`
    FOREIGN KEY (`user_id`)
    REFERENCES `db554509897`.`users` (`id`)
    ON DELETE NO ACTION
    ON UPDATE NO ACTION)
ENGINE = InnoDB;


-- -----------------------------------------------------
-- Table `db554509897`.`event_service`
-- -----------------------------------------------------
DROP TABLE IF EXISTS `db554509897`.`event_service` ;

CREATE TABLE IF NOT EXISTS `db554509897`.`event_service` (
  `id` BIGINT UNSIGNED NOT NULL AUTO_INCREMENT,
  `start_service` DATE NOT NULL,
  `end_service` DATE NOT NULL,
  `dci_status` ENUM('Pendiente', 'En Proceso', 'Atendido', 'Aprobado') NOT NULL DEFAULT 'Pendiente' COMMENT 'Pendiente: El jefe de cada área esta por asignar las tareas a sus empleados\nEn Proceso: Se ha asignado por lo menos una tarea a algún empleado sobre el servicio\nAtendido: Todos los empleados del área que atienden el servicio han completado sus tareas',
  `created_at` DATETIME NOT NULL,
  `in_process_at` DATETIME NULL DEFAULT NULL,
  `attended_at` DATETIME NULL DEFAULT NULL,
  `updated_at` DATETIME NOT NULL,
  `deleted_at` DATETIME NULL DEFAULT NULL,
  `event_id` BIGINT UNSIGNED NOT NULL,
  `service_id` BIGINT UNSIGNED NOT NULL,
  PRIMARY KEY (`id`),
  INDEX `fk_events_has_services_services1_idx` (`service_id` ASC),
  INDEX `fk_events_has_services_events1_idx` (`event_id` ASC),
  CONSTRAINT `fk_events_has_services_events1`
    FOREIGN KEY (`event_id`)
    REFERENCES `db554509897`.`events` (`id`)
    ON DELETE NO ACTION
    ON UPDATE NO ACTION,
  CONSTRAINT `fk_events_has_services_services1`
    FOREIGN KEY (`service_id`)
    REFERENCES `db554509897`.`services` (`id`)
    ON DELETE NO ACTION
    ON UPDATE NO ACTION)
ENGINE = InnoDB;


-- -----------------------------------------------------
-- Table `db554509897`.`witnesses`
-- -----------------------------------------------------
DROP TABLE IF EXISTS `db554509897`.`witnesses` ;

CREATE TABLE IF NOT EXISTS `db554509897`.`witnesses` (
  `id` BIGINT UNSIGNED NOT NULL AUTO_INCREMENT,
  `name` VARCHAR(50) NOT NULL,
  `description` VARCHAR(100) NULL DEFAULT NULL,
  `created_at` DATETIME NOT NULL,
  `updated_at` DATETIME NOT NULL,
  `deleted_at` DATETIME NULL DEFAULT NULL,
  PRIMARY KEY (`id`))
ENGINE = InnoDB;


-- -----------------------------------------------------
-- Table `db554509897`.`resources_sources`
-- -----------------------------------------------------
DROP TABLE IF EXISTS `db554509897`.`resources_sources` ;

CREATE TABLE IF NOT EXISTS `db554509897`.`resources_sources` (
  `id` BIGINT UNSIGNED NOT NULL,
  `name` VARCHAR(50) NOT NULL,
  `description` TEXT NULL DEFAULT NULL,
  `created_at` DATETIME NOT NULL,
  `updated_at` DATETIME NOT NULL,
  `deleted_at` DATETIME NULL DEFAULT NULL,
  PRIMARY KEY (`id`))
ENGINE = InnoDB;


-- -----------------------------------------------------
-- Table `db554509897`.`event_witness`
-- -----------------------------------------------------
DROP TABLE IF EXISTS `db554509897`.`event_witness` ;

CREATE TABLE IF NOT EXISTS `db554509897`.`event_witness` (
  `file` VARCHAR(100) NOT NULL DEFAULT 'NOT FILE',
  `dci_status` ENUM('No Aprobado', 'Pendiente', 'En Proceso', 'Aprobado') NOT NULL DEFAULT 'Pendiente',
  `created_at` DATETIME NOT NULL,
  `updated_at` DATETIME NOT NULL,
  `deleted_at` DATETIME NULL DEFAULT NULL,
  `event_id` BIGINT UNSIGNED NOT NULL,
  `witness_id` BIGINT UNSIGNED NOT NULL,
  PRIMARY KEY (`event_id`, `witness_id`),
  INDEX `fk_events_has_witnesses_witnesses1_idx` (`witness_id` ASC),
  INDEX `fk_events_has_witnesses_events1_idx` (`event_id` ASC),
  CONSTRAINT `fk_events_has_witnesses_events1`
    FOREIGN KEY (`event_id`)
    REFERENCES `db554509897`.`events` (`id`)
    ON DELETE NO ACTION
    ON UPDATE NO ACTION,
  CONSTRAINT `fk_events_has_witnesses_witnesses1`
    FOREIGN KEY (`witness_id`)
    REFERENCES `db554509897`.`witnesses` (`id`)
    ON DELETE NO ACTION
    ON UPDATE NO ACTION)
ENGINE = InnoDB;


-- -----------------------------------------------------
-- Table `db554509897`.`event_resource_source`
-- -----------------------------------------------------
DROP TABLE IF EXISTS `db554509897`.`event_resource_source` ;

CREATE TABLE IF NOT EXISTS `db554509897`.`event_resource_source` (
  `created_at` DATETIME NOT NULL,
  `updated_at` DATETIME NOT NULL,
  `deleted_at` DATETIME NULL DEFAULT NULL,
  `event_id` BIGINT UNSIGNED NOT NULL,
  `resource_source_id` BIGINT UNSIGNED NOT NULL,
  PRIMARY KEY (`event_id`, `resource_source_id`),
  INDEX `fk_events_has_resource_source_resource_source1_idx` (`resource_source_id` ASC),
  INDEX `fk_events_has_resource_source_events1_idx` (`event_id` ASC),
  CONSTRAINT `fk_events_has_resource_source_events1`
    FOREIGN KEY (`event_id`)
    REFERENCES `db554509897`.`events` (`id`)
    ON DELETE NO ACTION
    ON UPDATE NO ACTION,
  CONSTRAINT `fk_events_has_resource_source_resource_source1`
    FOREIGN KEY (`resource_source_id`)
    REFERENCES `db554509897`.`resources_sources` (`id`)
    ON DELETE NO ACTION
    ON UPDATE NO ACTION)
ENGINE = InnoDB;


-- -----------------------------------------------------
-- Table `db554509897`.`support_materials`
-- -----------------------------------------------------
DROP TABLE IF EXISTS `db554509897`.`support_materials` ;

CREATE TABLE IF NOT EXISTS `db554509897`.`support_materials` (
  `id` BIGINT UNSIGNED NOT NULL AUTO_INCREMENT,
  `original_name` VARCHAR(100) NOT NULL,
  `file` VARCHAR(100) NOT NULL,
  `created_at` DATETIME NOT NULL,
  `updated_at` DATETIME NOT NULL,
  `deleted_at` DATETIME NULL DEFAULT NULL,
  `event_id` BIGINT UNSIGNED NOT NULL,
  PRIMARY KEY (`id`),
  INDEX `fk_support_materials_events1_idx` (`event_id` ASC),
  CONSTRAINT `fk_support_materials_events1`
    FOREIGN KEY (`event_id`)
    REFERENCES `db554509897`.`events` (`id`)
    ON DELETE NO ACTION
    ON UPDATE NO ACTION)
ENGINE = InnoDB;


-- -----------------------------------------------------
-- Table `db554509897`.`tasks`
-- -----------------------------------------------------
DROP TABLE IF EXISTS `db554509897`.`tasks` ;

CREATE TABLE IF NOT EXISTS `db554509897`.`tasks` (
  `id` BIGINT UNSIGNED NOT NULL AUTO_INCREMENT,
  `status` ENUM('Pendiente', 'Completa') NOT NULL DEFAULT 'Pendiente' COMMENT 'Pendiente: La tarea fue creada\nCompleta: El empleado marca la tarea que se le asignó como completa',
  `description` TEXT NOT NULL,
  `comment` TEXT NULL DEFAULT NULL,
  `created_at` DATETIME NOT NULL,
  `completed_at` DATETIME NULL DEFAULT NULL,
  `updated_at` DATETIME NOT NULL,
  `deleted_at` DATETIME NULL DEFAULT NULL,
  `user_id` BIGINT UNSIGNED NOT NULL,
  `event_service_id` BIGINT UNSIGNED NOT NULL,
  PRIMARY KEY (`id`),
  INDEX `fk_tasks_users1_idx` (`user_id` ASC),
  INDEX `fk_tasks_event_service1_idx` (`event_service_id` ASC),
  CONSTRAINT `fk_tasks_users1`
    FOREIGN KEY (`user_id`)
    REFERENCES `db554509897`.`users` (`id`)
    ON DELETE NO ACTION
    ON UPDATE NO ACTION,
  CONSTRAINT `fk_tasks_event_service1`
    FOREIGN KEY (`event_service_id`)
    REFERENCES `db554509897`.`event_service` (`id`)
    ON DELETE NO ACTION
    ON UPDATE NO ACTION)
ENGINE = InnoDB;

SET SQL_MODE=@OLD_SQL_MODE;
SET FOREIGN_KEY_CHECKS=@OLD_FOREIGN_KEY_CHECKS;
SET UNIQUE_CHECKS=@OLD_UNIQUE_CHECKS;

-- -----------------------------------------------------
-- Data for table `db554509897`.`users_types`
-- -----------------------------------------------------
START TRANSACTION;
USE `db554509897`;
INSERT INTO `db554509897`.`users_types` (`id`, `name`, `description`, `created_at`, `updated_at`, `deleted_at`) VALUES 
(1, 'Cliente', NULL, '2015-02-11 16:46:40', '2015-02-11 16:46:40', NULL),
(2, 'Empleado DCI', NULL, '2015-02-11 16:46:40', '2015-02-11 16:46:40', NULL),
(3, 'Jefe DCI', NULL, '2015-02-11 16:46:40', '2015-02-11 16:46:40', NULL),
(4, 'Administrador', NULL, '2015-02-11 16:46:40', '2015-02-11 16:46:40', NULL);

COMMIT;


-- -----------------------------------------------------
-- Data for table `db554509897`.`academic_administrative_units`
-- -----------------------------------------------------
START TRANSACTION;
USE `db554509897`;
INSERT INTO `db554509897`.`academic_administrative_units` (`id`, `name`, `type`, `created_at`, `updated_at`, `deleted_at`) VALUES 
(1, 'Centro Universitario de Vinculación y T.', 'unidades_administrativas', '2015-02-11 16:46:40', '2015-02-11 16:46:40', NULL),
(2, 'Complejo Cultural Universitario', 'unidades_administrativas', '2015-02-11 16:46:40', '2015-02-11 16:46:40', NULL),
(3, 'Contraloría General', 'unidades_administrativas', '2015-02-11 16:46:40', '2015-02-11 16:46:40', NULL),
(4, 'CUPREDER', 'unidades_administrativas', '2015-02-11 16:46:40', '2015-02-11 16:46:40', NULL),
(5, 'Defensoría de los Derechos Universitarios', 'unidades_administrativas', '2015-02-11 16:46:40', '2015-02-11 16:46:40', NULL),
(6, 'Departamento  de Adquisiciones, Proveeduría e Inventarios', 'unidades_administrativas', '2015-02-11 16:46:40', '2015-02-11 16:46:40', NULL),
(7, 'Departamento de Control Vehicular', 'unidades_administrativas', '2015-02-11 16:46:40', '2015-02-11 16:46:40', NULL),
(8, 'Dirección de Acompañamiento Universitario ', 'unidades_administrativas', '2015-02-11 16:46:40', '2015-02-11 16:46:40', NULL),
(9, 'Dirección de Administración Escolar', 'unidades_administrativas', '2015-02-11 16:46:40', '2015-02-11 16:46:40', NULL),
(10, 'Dirección de Apoyo y Seguridad Universitaria', 'unidades_administrativas', '2015-02-11 16:46:40', '2015-02-11 16:46:40', NULL),
(11, 'Dirección de Comunicación Institucional', 'unidades_administrativas', '2015-02-11 16:46:40', '2015-02-11 16:46:40', NULL),
(12, 'Dirección de Contabilidad General', 'unidades_administrativas', '2015-02-11 16:46:40', '2015-02-11 16:46:40', NULL),
(13, 'Dirección de Cultura Física', 'unidades_administrativas', '2015-02-11 16:46:40', '2015-02-11 16:46:40', NULL),
(14, 'Dirección de Fomento Editorial ', 'unidades_administrativas', '2015-02-11 16:46:40', '2015-02-11 16:46:40', NULL),
(15, 'Dirección de Protección Universitaria', 'unidades_administrativas', '2015-02-11 16:46:40', '2015-02-11 16:46:40', NULL),
(16, 'Dirección de Recursos Humanos', 'unidades_administrativas', '2015-02-11 16:46:40', '2015-02-11 16:46:40', NULL),
(17, 'Dirección de Servicio Social', 'unidades_administrativas', '2015-02-11 16:46:40', '2015-02-11 16:46:40', NULL),
(18, 'Dirección de Servicios Generales', 'unidades_administrativas', '2015-02-11 16:46:40', '2015-02-11 16:46:40', NULL),
(19, 'Dirección de Sistema de Información Universitaria', 'unidades_administrativas', '2015-02-11 16:46:40', '2015-02-11 16:46:40', NULL),
(20, 'Dirección del Círculo Infantil', 'unidades_administrativas', '2015-02-11 16:46:40', '2015-02-11 16:46:40', NULL),
(21, 'Dirección General de Bibliotecas', 'unidades_administrativas', '2015-02-11 16:46:40', '2015-02-11 16:46:40', NULL),
(22, 'Dirección General de Educación Media Superior', 'unidades_administrativas', '2015-02-11 16:46:40', '2015-02-11 16:46:40', NULL),
(23, 'Dirección General de Educación Superior', 'unidades_administrativas', '2015-02-11 16:46:40', '2015-02-11 16:46:40', NULL),
(24, 'Dirección General de Innovación Educativa', 'unidades_administrativas', '2015-02-11 16:46:40', '2015-02-11 16:46:40', NULL),
(25, 'Dirección General de Obras', 'unidades_administrativas', '2015-02-11 16:46:40', '2015-02-11 16:46:40', NULL),
(26, 'Dirección General de Planeación Institucional', 'unidades_administrativas', '2015-02-11 16:46:40', '2015-02-11 16:46:40', NULL),
(27, 'Farmacias Universitarias \"Alexander Fleming\"', 'unidades_administrativas', '2015-02-11 16:46:40', '2015-02-11 16:46:40', NULL),
(28, 'Hospital Universitario de Puebla', 'unidades_administrativas', '2015-02-11 16:46:40', '2015-02-11 16:46:40', NULL),
(29, 'Museo Universitario \"Casa de los Muñecos\"', 'unidades_administrativas', '2015-02-11 16:46:40', '2015-02-11 16:46:40', NULL),
(30, 'Museo Universitario de Memoria Histórica', 'unidades_administrativas', '2015-02-11 16:46:40', '2015-02-11 16:46:40', NULL),
(31, 'Oficina de  la Abogada General', 'unidades_administrativas', '2015-02-11 16:46:40', '2015-02-11 16:46:40', NULL),
(32, 'Rectoría', 'unidades_administrativas', '2015-02-11 16:46:40', '2015-02-11 16:46:40', NULL),
(33, 'Secretaría Administrativa', 'unidades_administrativas', '2015-02-11 16:46:40', '2015-02-11 16:46:40', NULL),
(34, 'Secretaría General', 'unidades_administrativas', '2015-02-11 16:46:40', '2015-02-11 16:46:40', NULL),
(35, 'Secretaría Particular de Rectoría', 'unidades_administrativas', '2015-02-11 16:46:40', '2015-02-11 16:46:40', NULL),
(36, 'Secretaría Técnica', 'unidades_administrativas', '2015-02-11 16:46:40', '2015-02-11 16:46:40', NULL),
(37, 'Sorteo BUAP', 'unidades_administrativas', '2015-02-11 16:46:40', '2015-02-11 16:46:40', NULL),
(38, 'Tesorería General', 'unidades_administrativas', '2015-02-11 16:46:40', '2015-02-11 16:46:40', NULL),
(39, 'Vicerrectoría de Docencia', 'unidades_administrativas', '2015-02-11 16:46:40', '2015-02-11 16:46:40', NULL),
(40, 'Vicerrectoría de Extensión y Difusión de la Cultura', 'unidades_administrativas', '2015-02-11 16:46:40', '2015-02-11 16:46:40', NULL),
(41, 'Vicerrectoría de Investigación y Estudios de Posgrado', 'unidades_administrativas', '2015-02-11 16:46:40', '2015-02-11 16:46:40', NULL),
(42, 'Bachillerato 5 de Mayo', 'unidades_academicas', '2015-02-11 16:46:40', '2015-02-11 16:46:40', NULL),
(43, 'Preparatoria 2 de Octubre de 1968', 'unidades_academicas', '2015-02-11 16:46:40', '2015-02-11 16:46:40', NULL),
(44, 'Preparatoria Alfonso Calderón Moreno', 'unidades_academicas', '2015-02-11 16:46:40', '2015-02-11 16:46:40', NULL),
(45, 'Preparatoria Emiliano Zapata', 'unidades_academicas', '2015-02-11 16:46:40', '2015-02-11 16:46:40', NULL),
(46, 'Preparatoria Gral. Lázaro Cárdenas del Río', 'unidades_academicas', '2015-02-11 16:46:40', '2015-02-11 16:46:40', NULL),
(47, 'Preparatoria Benito Juárez García', 'unidades_academicas', '2015-02-11 16:46:40', '2015-02-11 16:46:40', NULL),
(48, 'Preparatoria Regional Enrique Cabrera Barroso', 'unidades_academicas', '2015-02-11 16:46:40', '2015-02-11 16:46:40', NULL),
(49, 'Preparatoria Regional Simón Bolívar', 'unidades_academicas', '2015-02-11 16:46:40', '2015-02-11 16:46:40', NULL),
(50, 'Preparatoria Urbana Enrique Cabrera Barroso', 'unidades_academicas', '2015-02-11 16:46:40', '2015-02-11 16:46:40', NULL),
(51, 'Escuela de Artes', 'unidades_academicas', '2015-02-11 16:46:40', '2015-02-11 16:46:40', NULL),
(52, 'Escuela de Artes Plásticas y Audiovisuales', 'unidades_academicas', '2015-02-11 16:46:40', '2015-02-11 16:46:40', NULL),
(53, 'Escuela de Biología', 'unidades_academicas', '2015-02-11 16:46:40', '2015-02-11 16:46:40', NULL),
(54, 'Facultad de Medicina Veterinaria y Zootecnia', 'unidades_academicas', '2015-02-11 16:46:40', '2015-02-11 16:46:40', NULL),
(55, 'Facultad de Administración', 'unidades_academicas', '2015-02-11 16:46:40', '2015-02-11 16:46:40', NULL),
(56, 'Facultad de Arquitectura', 'unidades_academicas', '2015-02-11 16:46:40', '2015-02-11 16:46:40', NULL),
(57, 'Facultad de Ciencias de la Computación', 'unidades_academicas', '2015-02-11 16:46:40', '2015-02-11 16:46:40', NULL),
(58, 'Facultad de Ciencias de la Comunicación', 'unidades_academicas', '2015-02-11 16:46:40', '2015-02-11 16:46:40', NULL),
(59, 'Facultad de Ciencias de la Electrónica', 'unidades_academicas', '2015-02-11 16:46:40', '2015-02-11 16:46:40', NULL),
(60, 'Facultad de Ciencias Físico Matemáticas', 'unidades_academicas', '2015-02-11 16:46:40', '2015-02-11 16:46:40', NULL),
(61, 'Facultad de Ciencias Químicas', 'unidades_academicas', '2015-02-11 16:46:40', '2015-02-11 16:46:40', NULL),
(62, 'Facultad de Contaduría', 'unidades_academicas', '2015-02-11 16:46:40', '2015-02-11 16:46:40', NULL),
(63, 'Facultad de Cultura Física', 'unidades_academicas', '2015-02-11 16:46:40', '2015-02-11 16:46:40', NULL),
(64, 'Facultad de Derecho y Ciencias Sociales', 'unidades_academicas', '2015-02-11 16:46:40', '2015-02-11 16:46:40', NULL),
(65, 'Facultad de Economía', 'unidades_academicas', '2015-02-11 16:46:40', '2015-02-11 16:46:40', NULL),
(66, 'Facultad de Enfermería', 'unidades_academicas', '2015-02-11 16:46:40', '2015-02-11 16:46:40', NULL),
(67, 'Facultad de Estomatología', 'unidades_academicas', '2015-02-11 16:46:40', '2015-02-11 16:46:40', NULL),
(68, 'Facultad de Filosofía y Letras', 'unidades_academicas', '2015-02-11 16:46:40', '2015-02-11 16:46:40', NULL),
(69, 'Facultad de Ingeniería', 'unidades_academicas', '2015-02-11 16:46:40', '2015-02-11 16:46:40', NULL),
(70, 'Facultad de Ingeniería Agrohidráulica', 'unidades_academicas', '2015-02-11 16:46:40', '2015-02-11 16:46:40', NULL),
(71, 'Facultad de Ingeniería Química', 'unidades_academicas', '2015-02-11 16:46:40', '2015-02-11 16:46:40', NULL),
(72, 'Facultad de Lenguas', 'unidades_academicas', '2015-02-11 16:46:40', '2015-02-11 16:46:40', NULL),
(73, 'Facultad de Medicina', 'unidades_academicas', '2015-02-11 16:46:40', '2015-02-11 16:46:40', NULL),
(74, 'Facultad de Psicología', 'unidades_academicas', '2015-02-11 16:46:40', '2015-02-11 16:46:40', NULL),
(75, 'Instituto de Ciencias', 'unidades_academicas', '2015-02-11 16:46:40', '2015-02-11 16:46:40', NULL),
(76, 'Instituto de Ciencias de Gobierno y Desarrollo Estratégico', 'unidades_academicas', '2015-02-11 16:46:40', '2015-02-11 16:46:40', NULL),
(77, 'Instituto de Ciencias Sociales y Humanidades', 'unidades_academicas', '2015-02-11 16:46:40', '2015-02-11 16:46:40', NULL),
(78, 'Instituto de Física', 'unidades_academicas', '2015-02-11 16:46:40', '2015-02-11 16:46:40', NULL),
(79, 'Instituto de Fisiología', 'unidades_academicas', '2015-02-11 16:46:40', '2015-02-11 16:46:40', NULL),
(80, 'Unidades Regionales', 'unidades_academicas', '2015-02-11 16:46:40', '2015-02-11 16:46:40', NULL);

COMMIT;


-- -----------------------------------------------------
-- Data for table `db554509897`.`departments`
-- -----------------------------------------------------
START TRANSACTION;
USE `db554509897`;
INSERT INTO `db554509897`.`departments` (`id`, `name`, `description`, `created_at`, `updated_at`, `deleted_at`) VALUES 
(1, 'Clientes', NULL, '2015-02-11 16:46:40', '2015-02-11 16:46:40', NULL),
(2, 'Dirección', NULL, '2015-02-11 16:46:40', '2015-02-11 16:46:40', NULL),
(3, 'Subdirección', NULL, '2015-02-11 16:46:40', '2015-02-11 16:46:40', NULL),
(4, 'Diseño/Radio BUAP', NULL, '2015-02-11 16:46:40', '2015-02-11 16:46:40', NULL),
(5, 'CIDD/Monitoreo', NULL, '2015-02-11 16:46:40', '2015-02-11 16:46:40', NULL),
(6, 'Redacción', NULL, '2015-02-11 16:46:40', '2015-02-11 16:46:40', NULL),
(7, 'Redes Sociales', NULL, '2015-02-11 16:46:40', '2015-02-11 16:46:40', NULL),
(8, 'Contabilidad', NULL, '2015-02-11 16:46:40', '2015-02-11 16:46:40', NULL);

COMMIT;


-- -----------------------------------------------------
-- Data for table `db554509897`.`users`
-- -----------------------------------------------------
START TRANSACTION;
USE `db554509897`;
INSERT INTO `db554509897`.`users` (`id`, `first_name`, `last_name`, `email`, `phone`, `extension_phone`, `status`, `remember_token`, `password`, `created_at`, `updated_at`, `deleted_at`, `user_type_id`, `department_id`, `academic_administrative_unit_id`) VALUES 
(1, 'Javier ', 'Aguila', 'sjaca10@gmail.com', '2227262898', NULL, 1, NULL, '$2a$10$M.wpiAUrThtFid2A9.4qdOpGLSy9MyEAd37IlE9a0a9fyBaUf.jya', '2015-02-11 16:46:40', '2015-02-11 16:46:40', NULL, 1, 1, 1),
(2, 'Israel', 'Cruz', 'jesuslink00@gmail.com', NULL, NULL, 1, NULL, '$2a$10$Q8IqS1k3IbXL6kMfYNXbFO.AtgzWDwUOQN5yv7s2utED.yR.MEUMO', '2015-02-11 16:46:40', '2015-02-11 16:46:40', NULL, 1, 1, 2),
(3, 'Arturo', 'Aguila', 'superjaca10@live.com.mx', '2227262898', NULL, 1, NULL, '$2a$10$0O7q42JfKrcvO.4XDXj9yOPjhbL4h2kIxCv1R7K4HWQkT.ZcThgWK', '2015-02-11 16:46:40', '2015-02-11 16:46:40', NULL, 2, 6, 3),
(4, 'Jesús', 'Cruz', 'jr12a@hotmail.com', NULL, NULL, 1, NULL, '$2a$10$N93ev1lfFTiG8fQ0VkPra.4qVzRJ7SkyY1wPdXK9EcpwUxuDgfzPu', '2015-02-11 16:46:40', '2015-02-11 16:46:40', NULL, 2, 6, 4),
(5, 'Javier Arturo', 'Aguila', 'javier@aerostato.mx', '2227262898', NULL, 1, NULL, '$2a$10$suvXa472nvfv4Sj43jD/AOVfBBCFNba8Bxad7ZARQTPD5iE90GUWS', '2015-02-11 16:46:40', '2015-02-11 16:46:40', NULL, 3, 6, 5),
(6, 'Jesús Israel', 'Cruz', 'israel@aerostato.mx', NULL, NULL, 1, NULL, '$2a$10$nOcsUEkbTkj0Q2b8t3ZN9emaExLtiIuMAYH/hU3lizeul2JGXD79a', '2015-02-11 16:46:40', '2015-02-11 16:46:40', NULL, 3, 6, 6),
(7, 'JA', 'Aguila', 'sjaca10@yahoo.com', '2227262898', NULL, 1, NULL, '$2a$10$DsDe5yrq1sDEmWo4k7Cp4ObXgiTaao1S1hIk7jv4/VcAmd58nO8hm', '2015-02-11 16:46:40', '2015-02-11 16:46:40', NULL, 4, 6, 7),
(8, 'JI', 'Cruz', 'israelcruzrojas@outlook.com', NULL, NULL, 1, NULL, '$2a$10$tnmOu86c1lSeTLnbtJ04t.XCebLLW53gXVmkJtMVAwNYz3.HqAjuq', '2015-02-11 16:46:40', '2015-02-11 16:46:40', NULL, 4, 6, 8),
(9, 'Amparo', 'Merino Reyes', 'amparomx@gmail.com', '2224807645', '5266', 1, NULL, '$2y$10$TaOZ3yl33Vluq.3X5tW1oODQpeD1W8YY0EM8p7qfSv3O/Gq4JmvGO', '2015-02-11 16:46:40', '2015-02-11 16:46:40', NULL, 1, 1, 11);

COMMIT;


-- -----------------------------------------------------
-- Data for table `db554509897`.`witnesses`
-- -----------------------------------------------------
START TRANSACTION;
USE `db554509897`;
INSERT INTO `db554509897`.`witnesses` (`id`, `name`, `description`, `created_at`, `updated_at`, `deleted_at`) VALUES 
(1, 'Ejemplar de impresión', NULL, '2015-02-11 16:46:40', '2015-02-11 16:46:40', NULL),
(2, 'Carátula de libros, revistas o folletos', NULL, '2015-02-11 16:46:40', '2015-02-11 16:46:40', NULL),
(3, 'Fotografías de rótulos colocados', NULL, '2015-02-11 16:46:40', '2015-02-11 16:46:40', NULL),
(4, 'Fotografías', NULL, '2015-02-11 16:46:40', '2015-02-11 16:46:40', NULL);

COMMIT;


-- -----------------------------------------------------
-- Data for table `db554509897`.`resources_sources`
-- -----------------------------------------------------
START TRANSACTION;
USE `db554509897`;
INSERT INTO `db554509897`.`resources_sources` (`id`, `name`, `description`, `created_at`, `updated_at`, `deleted_at`) VALUES 
(1, 'Tesorería', NULL, '2015-02-11 16:46:40', '2015-02-11 16:46:40', NULL),
(2, 'Fondo fijo', NULL, '2015-02-11 16:46:40', '2015-02-11 16:46:40', NULL),
(3, 'Apoyos especiales', NULL, '2015-02-11 16:46:40', '2015-02-11 16:46:40', NULL),
(4, 'Otros', NULL, '2015-02-11 16:46:40', '2015-02-11 16:46:40', NULL);

COMMIT;
